,Gender,FirstVisitAge,CIndU,Hematocrit_Avg_acute,Hematocrit_Max_acute,Hematocrit_Min_acute,Hematocrit_Avg_chronic,Hematocrit_Max_chronic,Hematocrit_Min_chronic,LymphocytesPercentage_Avg_acute,LymphocytesPercentage_Max_acute,LymphocytesPercentage_Min_acute,LymphocytesPercentage_Avg_chronic,LymphocytesPercentage_Max_chronic,LymphocytesPercentage_Min_chronic,NeutrophilsPercentage_Avg_acute,NeutrophilsPercentage_Max_acute,NeutrophilsPercentage_Min_acute,NeutrophilsPercentage_Avg_chronic,NeutrophilsPercentage_Max_chronic,NeutrophilsPercentage_Min_chronic,MonocytesPercentage_Avg_acute,MonocytesPercentage_Max_acute,MonocytesPercentage_Min_acute,MonocytesPercentage_Avg_chronic,MonocytesPercentage_Max_chronic,MonocytesPercentage_Min_chronic,MeanCorpuscularHemoglobinConcentration_Avg_acute,MeanCorpuscularHemoglobinConcentration_Max_acute,MeanCorpuscularHemoglobinConcentration_Min_acute,MeanCorpuscularHemoglobinConcentration_Avg_chronic,MeanCorpuscularHemoglobinConcentration_Max_chronic,MeanCorpuscularHemoglobinConcentration_Min_chronic,PlateletCount_Avg_acute,PlateletCount_Max_acute,PlateletCount_Min_acute,PlateletCount_Avg_chronic,PlateletCount_Max_chronic,PlateletCount_Min_chronic,WhiteBloodCellCount_Avg_acute,WhiteBloodCellCount_Max_acute,WhiteBloodCellCount_Min_acute,WhiteBloodCellCount_Avg_chronic,WhiteBloodCellCount_Max_chronic,WhiteBloodCellCount_Min_chronic,MeanCorpuscularHemoglobin_Avg_acute,MeanCorpuscularHemoglobin_Max_acute,MeanCorpuscularHemoglobin_Min_acute,MeanCorpuscularHemoglobin_Avg_chronic,MeanCorpuscularHemoglobin_Max_chronic,MeanCorpuscularHemoglobin_Min_chronic,MeanCorpuscularVolume_Avg_acute,MeanCorpuscularVolume_Max_acute,MeanCorpuscularVolume_Min_acute,MeanCorpuscularVolume_Avg_chronic,MeanCorpuscularVolume_Max_chronic,MeanCorpuscularVolume_Min_chronic,RedBloodCellCount_Avg_acute,RedBloodCellCount_Max_acute,RedBloodCellCount_Min_acute,RedBloodCellCount_Avg_chronic,RedBloodCellCount_Max_chronic,RedBloodCellCount_Min_chronic,Hemoglobin_Avg_acute,Hemoglobin_Max_acute,Hemoglobin_Min_acute,Hemoglobin_Avg_chronic,Hemoglobin_Max_chronic,Hemoglobin_Min_chronic,EosinophilsPercentage_Avg_acute,EosinophilsPercentage_Max_acute,EosinophilsPercentage_Min_acute,EosinophilsPercentage_Avg_chronic,EosinophilsPercentage_Max_chronic,EosinophilsPercentage_Min_chronic,BasophilsPercentage_Avg_acute,BasophilsPercentage_Max_acute,BasophilsPercentage_Min_acute,BasophilsPercentage_Avg_chronic,BasophilsPercentage_Max_chronic,BasophilsPercentage_Min_chronic,AbsoluteNeutrophilCount_Avg_acute,AbsoluteNeutrophilCount_Max_acute,AbsoluteNeutrophilCount_Min_acute,AbsoluteNeutrophilCount_Avg_chronic,AbsoluteNeutrophilCount_Max_chronic,AbsoluteNeutrophilCount_Min_chronic,AbsoluteMonocyteCount_Avg_acute,AbsoluteMonocyteCount_Max_acute,AbsoluteMonocyteCount_Min_acute,AbsoluteMonocyteCount_Avg_chronic,AbsoluteMonocyteCount_Max_chronic,AbsoluteMonocyteCount_Min_chronic,AbsoluteEosinophilCount_Avg_acute,AbsoluteEosinophilCount_Max_acute,AbsoluteEosinophilCount_Min_acute,AbsoluteEosinophilCount_Avg_chronic,AbsoluteEosinophilCount_Max_chronic,AbsoluteEosinophilCount_Min_chronic,AbsoluteBasophilCount_Avg_acute,AbsoluteBasophilCount_Max_acute,AbsoluteBasophilCount_Min_acute,AbsoluteBasophilCount_Avg_chronic,AbsoluteBasophilCount_Max_chronic,AbsoluteBasophilCount_Min_chronic,AbsoluteLymphocyteCount_Avg_acute,AbsoluteLymphocyteCount_Max_acute,AbsoluteLymphocyteCount_Min_acute,AbsoluteLymphocyteCount_Avg_chronic,AbsoluteLymphocyteCount_Max_chronic,AbsoluteLymphocyteCount_Min_chronic,MeanPlateletVolume_Avg_acute,MeanPlateletVolume_Max_acute,MeanPlateletVolume_Min_acute,MeanPlateletVolume_Avg_chronic,MeanPlateletVolume_Max_chronic,MeanPlateletVolume_Min_chronic,PlateletDistributionWidth_Avg_acute,PlateletDistributionWidth_Max_acute,PlateletDistributionWidth_Min_acute,PlateletDistributionWidth_Avg_chronic,PlateletDistributionWidth_Max_chronic,PlateletDistributionWidth_Min_chronic,Plateletcrit_Avg_acute,Plateletcrit_Max_acute,Plateletcrit_Min_acute,Plateletcrit_Avg_chronic,Plateletcrit_Max_chronic,Plateletcrit_Min_chronic,RedCellDistributionWidth_Avg_acute,RedCellDistributionWidth_Max_acute,RedCellDistributionWidth_Min_acute,RedCellDistributionWidth_Avg_chronic,RedCellDistributionWidth_Max_chronic,RedCellDistributionWidth_Min_chronic,RedCellDistributionWidthCV_Avg_acute,RedCellDistributionWidthCV_Max_acute,RedCellDistributionWidthCV_Min_acute,RedCellDistributionWidthCV_Avg_chronic,RedCellDistributionWidthCV_Max_chronic,RedCellDistributionWidthCV_Min_chronic,EosinophilCountAbsolute_Avg_acute,EosinophilCountAbsolute_Max_acute,EosinophilCountAbsolute_Min_acute,EosinophilCountAbsolute_Avg_chronic,EosinophilCountAbsolute_Max_chronic,EosinophilCountAbsolute_Min_chronic,CReactiveProtein_Avg_acute,CReactiveProtein_Max_acute,CReactiveProtein_Min_acute,CReactiveProtein_Avg_chronic,CReactiveProtein_Max_chronic,CReactiveProtein_Min_chronic,ImmunoglobulinE_Avg_acute,ImmunoglobulinE_Max_acute,ImmunoglobulinE_Min_acute,ImmunoglobulinE_Avg_chronic,ImmunoglobulinE_Max_chronic,ImmunoglobulinE_Min_chronic,Total25HydroxyVitaminD_Avg_acute,Total25HydroxyVitaminD_Max_acute,Total25HydroxyVitaminD_Min_acute,Total25HydroxyVitaminD_Avg_chronic,Total25HydroxyVitaminD_Max_chronic,Total25HydroxyVitaminD_Min_chronic,ImmunoglobulinG_Avg_acute,ImmunoglobulinG_Max_acute,ImmunoglobulinG_Min_acute,ImmunoglobulinG_Avg_chronic,ImmunoglobulinG_Max_chronic,ImmunoglobulinG_Min_chronic,ImmunoglobulinA_Avg_acute,ImmunoglobulinA_Max_acute,ImmunoglobulinA_Min_acute,ImmunoglobulinA_Avg_chronic,ImmunoglobulinA_Max_chronic,ImmunoglobulinA_Min_chronic,ImmunoglobulinM_Avg_acute,ImmunoglobulinM_Max_acute,ImmunoglobulinM_Min_acute,ImmunoglobulinM_Avg_chronic,ImmunoglobulinM_Max_chronic,ImmunoglobulinM_Min_chronic,ThyroglobulinAntibody_Avg_acute,ThyroglobulinAntibody_Max_acute,ThyroglobulinAntibody_Min_acute,ThyroglobulinAntibody_Avg_chronic,ThyroglobulinAntibody_Max_chronic,ThyroglobulinAntibody_Min_chronic,ThyroidStimulatingHormone_Avg_acute,ThyroidStimulatingHormone_Max_acute,ThyroidStimulatingHormone_Min_acute,ThyroidStimulatingHormone_Avg_chronic,ThyroidStimulatingHormone_Max_chronic,ThyroidStimulatingHormone_Min_chronic,TotalTriiodothyronine_Avg_acute,TotalTriiodothyronine_Max_acute,TotalTriiodothyronine_Min_acute,TotalTriiodothyronine_Avg_chronic,TotalTriiodothyronine_Max_chronic,TotalTriiodothyronine_Min_chronic,TotalThyroxine_Avg_acute,TotalThyroxine_Max_acute,TotalThyroxine_Min_acute,TotalThyroxine_Avg_chronic,TotalThyroxine_Max_chronic,TotalThyroxine_Min_chronic,FreeTriiodothyronine_Avg_acute,FreeTriiodothyronine_Max_acute,FreeTriiodothyronine_Min_acute,FreeTriiodothyronine_Avg_chronic,FreeTriiodothyronine_Max_chronic,FreeTriiodothyronine_Min_chronic,FreeThyroxine_Avg_acute,FreeThyroxine_Max_acute,FreeThyroxine_Min_acute,FreeThyroxine_Avg_chronic,FreeThyroxine_Max_chronic,FreeThyroxine_Min_chronic,ReverseTriiodothyronine_Avg_acute,ReverseTriiodothyronine_Max_acute,ReverseTriiodothyronine_Min_acute,ReverseTriiodothyronine_Avg_chronic,ReverseTriiodothyronine_Max_chronic,ReverseTriiodothyronine_Min_chronic,ANA1to40_Avg_acute,ANA1to40_Max_acute,ANA1to40_Min_acute,ANA1to40_Avg_chronic,ANA1to40_Max_chronic,ANA1to40_Min_chronic,ANA1to80_Avg_acute,ANA1to80_Max_acute,ANA1to80_Min_acute,ANA1to80_Avg_chronic,ANA1to80_Max_chronic,ANA1to80_Min_chronic,ANANuclearPattern_Avg_acute,ANANuclearPattern_Max_acute,ANANuclearPattern_Min_acute,ANANuclearPattern_Avg_chronic,ANANuclearPattern_Max_chronic,ANANuclearPattern_Min_chronic,SMRNP_Avg_acute,SMRNP_Max_acute,SMRNP_Min_acute,SMRNP_Avg_chronic,SMRNP_Max_chronic,SMRNP_Min_chronic,AntiScl70_Avg_acute,AntiScl70_Max_acute,AntiScl70_Min_acute,AntiScl70_Avg_chronic,AntiScl70_Max_chronic,AntiScl70_Min_chronic,AntiSSA_Avg_acute,AntiSSA_Max_acute,AntiSSA_Min_acute,AntiSSA_Avg_chronic,AntiSSA_Max_chronic,AntiSSA_Min_chronic,AntiSSB_Avg_acute,AntiSSB_Max_acute,AntiSSB_Min_acute,AntiSSB_Avg_chronic,AntiSSB_Max_chronic,AntiSSB_Min_chronic,AntiJo1_Avg_acute,AntiJo1_Max_acute,AntiJo1_Min_acute,AntiJo1_Avg_chronic,AntiJo1_Max_chronic,AntiJo1_Min_chronic,AntiDoubleStrandedDNA_Avg_acute,AntiDoubleStrandedDNA_Max_acute,AntiDoubleStrandedDNA_Min_acute,AntiDoubleStrandedDNA_Avg_chronic,AntiDoubleStrandedDNA_Max_chronic,AntiDoubleStrandedDNA_Min_chronic,AntiSM_Avg_acute,AntiSM_Max_acute,AntiSM_Min_acute,AntiSM_Avg_chronic,AntiSM_Max_chronic,AntiSM_Min_chronic,Nucleosome_Avg_acute,Nucleosome_Max_acute,Nucleosome_Min_acute,Nucleosome_Avg_chronic,Nucleosome_Max_chronic,Nucleosome_Min_chronic,AntiM2_Avg_acute,AntiM2_Max_acute,AntiM2_Min_acute,AntiM2_Avg_chronic,AntiM2_Max_chronic,AntiM2_Min_chronic,ProliferatingCellNuclearAntigen_Avg_acute,ProliferatingCellNuclearAntigen_Max_acute,ProliferatingCellNuclearAntigen_Min_acute,ProliferatingCellNuclearAntigen_Avg_chronic,ProliferatingCellNuclearAntigen_Max_chronic,ProliferatingCellNuclearAntigen_Min_chronic,RibosomalPProtein_Avg_acute,RibosomalPProtein_Max_acute,RibosomalPProtein_Min_acute,RibosomalPProtein_Avg_chronic,RibosomalPProtein_Max_chronic,RibosomalPProtein_Min_chronic,PMScl_Avg_acute,PMScl_Max_acute,PMScl_Min_acute,PMScl_Avg_chronic,PMScl_Max_chronic,PMScl_Min_chronic,Histone_Avg_acute,Histone_Max_acute,Histone_Min_acute,Histone_Avg_chronic,Histone_Max_chronic,Histone_Min_chronic,CentromereProteinB_Avg_acute,CentromereProteinB_Max_acute,CentromereProteinB_Min_acute,CentromereProteinB_Avg_chronic,CentromereProteinB_Max_chronic,CentromereProteinB_Min_chronic,Ro52_Avg_acute,Ro52_Max_acute,Ro52_Min_acute,Ro52_Avg_chronic,Ro52_Max_chronic,Ro52_Min_chronic,ThrombinTime_Avg_acute,ThrombinTime_Max_acute,ThrombinTime_Min_acute,ThrombinTime_Avg_chronic,ThrombinTime_Max_chronic,ThrombinTime_Min_chronic,PartialThromboplastinTime_Avg_acute,PartialThromboplastinTime_Max_acute,PartialThromboplastinTime_Min_acute,PartialThromboplastinTime_Avg_chronic,PartialThromboplastinTime_Max_chronic,PartialThromboplastinTime_Min_chronic,ProthrombinTime_Avg_acute,ProthrombinTime_Max_acute,ProthrombinTime_Min_acute,ProthrombinTime_Avg_chronic,ProthrombinTime_Max_chronic,ProthrombinTime_Min_chronic,ProthrombinTimeINR_Avg_acute,ProthrombinTimeINR_Max_acute,ProthrombinTimeINR_Min_acute,ProthrombinTimeINR_Avg_chronic,ProthrombinTimeINR_Max_chronic,ProthrombinTimeINR_Min_chronic,UrinepH_Avg_acute,UrinepH_Max_acute,UrinepH_Min_acute,UrinepH_Avg_chronic,UrinepH_Max_chronic,UrinepH_Min_chronic,UrineGlucose_Avg_acute,UrineGlucose_Max_acute,UrineGlucose_Min_acute,UrineProtein_Avg_acute,UrineProtein_Max_acute,UrineProtein_Min_acute,UrineProtein_Avg_chronic,UrineProtein_Max_chronic,UrineSpecificGravity_Avg_acute,UrineSpecificGravity_Max_acute,UrineSpecificGravity_Min_acute,UrineSpecificGravity_Avg_chronic,UrineSpecificGravity_Max_chronic,UrineSpecificGravity_Min_chronic,Urobilin_Avg_acute,Urobilin_Max_acute,Urobilin_Min_acute,Urobilin_Avg_chronic,Urobilin_Max_chronic,RedBloodCellsMicroscopic_Avg_acute,RedBloodCellsMicroscopic_Max_acute,RedBloodCellsMicroscopic_Min_acute,RedBloodCellsMicroscopic_Avg_chronic,RedBloodCellsMicroscopic_Max_chronic,RedBloodCellsMicroscopic_Min_chronic,UrineKetones_Avg_acute,UrineKetones_Max_acute,UrineKetones_Min_acute,WhiteBloodCellsMicroscopic_Avg_acute,WhiteBloodCellsMicroscopic_Max_acute,WhiteBloodCellsMicroscopic_Min_acute,WhiteBloodCellsMicroscopic_Avg_chronic,WhiteBloodCellsMicroscopic_Max_chronic,WhiteBloodCellsMicroscopic_Min_chronic,Milk_Avg_acute,Milk_Max_acute,Milk_Min_acute,Milk_Avg_chronic,Milk_Max_chronic,Milk_Min_chronic,Cockroach_Avg_acute,Cockroach_Max_acute,Cockroach_Min_acute,Cockroach_Avg_chronic,Cockroach_Max_chronic,Cockroach_Min_chronic,EggWhite_Avg_acute,EggWhite_Max_acute,EggWhite_Min_acute,EggWhite_Avg_chronic,EggWhite_Max_chronic,EggWhite_Min_chronic,CatDander_Avg_acute,CatDander_Max_acute,CatDander_Min_acute,CatDander_Avg_chronic,CatDander_Max_chronic,CatDander_Min_chronic,DogDander_Avg_acute,DogDander_Max_acute,DogDander_Min_acute,DogDander_Avg_chronic,DogDander_Max_chronic,DogDander_Min_chronic,Ragweed_Avg_acute,Ragweed_Max_acute,Ragweed_Min_acute,Ragweed_Avg_chronic,Ragweed_Max_chronic,Ragweed_Min_chronic,RyeGrass_Avg_acute,RyeGrass_Max_acute,RyeGrass_Min_acute,RyeGrass_Avg_chronic,RyeGrass_Max_chronic,RyeGrass_Min_chronic,Shrimp_Avg_chronic,Shrimp_Max_chronic,Shrimp_Min_chronic,Beef_Avg_chronic,Beef_Max_chronic,Beef_Min_chronic,Peanut_Avg_acute,Peanut_Max_acute,Peanut_Min_acute,Peanut_Avg_chronic,Peanut_Max_chronic,Peanut_Min_chronic,Cashew_Avg_acute,Cashew_Max_acute,Cashew_Min_acute,DustMites_Avg_acute,DustMites_Max_acute,DustMites_Min_acute,DustMites_Avg_chronic,DustMites_Max_chronic,DustMites_Min_chronic,LobsterScallop_Avg_chronic,LobsterScallop_Max_chronic,LobsterScallop_Min_chronic,Shellfish_Avg_chronic,Shellfish_Max_chronic,Shellfish_Min_chronic,MoldCombination_Avg_acute,MoldCombination_Max_acute,MoldCombination_Min_acute,MoldCombination_Avg_chronic,MoldCombination_Max_chronic,MoldCombination_Min_chronic,Mulberry_Avg_acute,Mulberry_Max_acute,Mulberry_Min_acute,Crab_Avg_acute,Crab_Max_acute,Crab_Min_acute,Crab_Avg_chronic,Crab_Max_chronic,Crab_Min_chronic,MixedGrasses_Avg_acute,MixedGrasses_Max_acute,MixedGrasses_Min_acute,MixedGrasses_Avg_chronic,MixedGrasses_Max_chronic,MixedGrasses_Min_chronic,Mugwort_Avg_acute,Mugwort_Max_acute,Mugwort_Min_acute
4,229,1,13,229,229,89,67,1,62,28,2,36,2,1,1,28,2,1,1,2,1,57,229,28,1,1,1,2,2,1,1,1,1,2,1,1,1,1,1,72,36,229,2,2,13,2,1,97,1,1,1,2,3,89,1,1,3,1,67,1,28,89,1,1,21,1,52,89,1,1,89,60,1,1,1,1,1,229,1,1,2,2,2,44,1,1,1,28,2,1,89,63,51,1,2,2,36,2,2,1,57,77,229,229,229,1,41,2,1,36,21,41,1,80,1,1,1,229,80,60,229,44,47,13,53,36,1,2,2,2,28,49,1,1,1,229,28,229,2,2,1,229,229,229,1,1,1,1,1,1,1,1,49,229,229,229,1,1,1,229,229,229,1,2,2,229,229,229,229,74,229,229,229,229,89,229,229,229,229,229,89,89,77,229,229,229,57,70,229,229,229,229,1,6,6,229,229,229,1,2,1,229,229,229,1,1,2,229,229,229,72,229,229,229,229,229,2,13,28,229,229,229,2,13,3,229,229,229,229,229,229,229,229,229,229,229,229,229,229,229,229,229,229,229,229,229,2,1,49,229,229,229,1,2,1,229,229,229,2,13,229,229,229,229,55,40,13,229,229,229,1,1,13,229,229,229,13,44,70,229,229,229,21,1,89,229,229,229,2,2,1,229,229,229,229,66,1,229,229,229,1,1,1,229,229,229,229,229,229,229,229,229,6,89,1,229,229,229,28,36,1,229,229,229,229,229,229,229,229,229,60,2,229,229,229,229,229,229,229,229,229,229,65,36,44,229,229,229,229,229,229,229,229,229,2,23,13,229,229,229,229,229,229,229,229,229,229,229,229,229,229,77,229,229,229,229,229,229,229,229,229,229,229,229,229,229,229,229,229,229,229,229,229,229,229,229,229,229,229,229,77,229,89,229,229,229,13,2,13,229,229,229,63,74,89,89,229,89,54,229,69,229,229,229,1,1,2,229,229,229,1,1,1,229,229,229,229,229,229,229,229,229,229,229,229,229,229,229,229,229,229,229,229,229,229,229,229,229,229,229,229,229,229,229,229,229,229,229,229,229,229,229,229,229,229,229,229,229,229,229,229,229,229,229,229,229,229,229,229,229
3,95,1,46,228,228,228,228,1,2,51,1,11,27,2,2,85,1,2,2,2,1,1,1,1,1,1,1,1,36,1,1,1,2,5,2,1,1,1,1,85,228,85,1,2,46,1,1,2,1,1,1,42,36,42,1,1,2,228,1,228,73,228,1,1,85,1,27,1,1,1,11,85,1,1,1,1,1,228,1,2,2,17,1,27,1,1,36,27,2,1,69,228,85,1,1,17,2,2,2,1,228,228,85,56,228,5,17,1,1,2,2,51,1,85,1,1,1,228,228,36,17,27,69,51,228,95,1,2,2,1,2,62,2,2,54,85,2,228,2,2,1,228,228,66,2,2,1,1,1,1,1,1,2,85,228,228,1,1,1,228,228,228,1,5,2,228,228,228,62,228,228,228,228,228,228,75,228,228,228,228,85,85,228,228,228,228,17,27,62,228,228,228,2,5,27,228,228,97,1,2,1,228,228,228,1,1,2,228,228,228,228,228,228,228,228,228,3,36,8,228,228,228,59,228,54,228,228,228,85,228,228,228,228,228,228,228,228,228,228,228,228,228,228,228,228,228,1,1,17,228,228,228,1,1,1,228,228,228,17,2,85,228,228,228,17,228,48,228,228,228,2,2,8,228,228,228,44,62,228,228,228,228,1,2,69,228,228,228,2,11,85,228,228,228,228,85,1,228,228,228,1,1,1,228,228,228,75,228,228,228,228,228,85,75,1,228,228,228,36,36,1,228,228,228,228,56,228,228,228,228,48,2,228,228,228,228,228,228,228,228,228,228,85,228,228,228,228,228,228,228,228,228,228,228,27,2,17,228,228,228,228,228,228,228,228,228,228,228,228,228,228,97,228,228,1,228,228,228,228,228,228,228,228,228,228,228,228,228,228,228,228,228,228,228,228,228,228,228,228,228,228,228,69,228,228,228,2,2,27,228,228,228,2,59,17,65,228,228,27,36,46,228,228,228,1,1,42,228,228,228,1,1,1,69,228,228,59,228,69,228,228,228,228,228,228,228,228,228,228,228,228,1,2,53,228,228,228,228,228,228,228,228,228,228,228,228,228,228,228,228,228,228,228,228,228,228,228,228,228,228,228,228,228,228,228,228,228,228,228,228
1,224,1,16,68,224,30,224,1,61,224,1,23,1,1,2,50,2,2,2,2,1,11,30,2,1,1,1,1,2,1,1,1,1,2,1,1,2,1,1,46,59,224,1,1,2,2,1,38,1,1,1,2,2,2,1,1,2,224,224,224,224,60,1,1,224,1,2,2,1,1,23,40,1,1,1,1,1,224,1,2,2,224,30,53,1,1,1,6,2,1,224,224,78,1,2,2,16,2,2,1,23,64,90,224,224,2,9,11,1,2,2,36,1,34,1,1,1,57,44,78,2,2,16,2,48,50,1,1,1,2,2,53,2,1,35,224,23,224,44,30,1,78,224,90,1,2,1,1,1,1,1,1,16,224,224,224,1,1,9,224,224,224,1,2,2,224,224,224,87,224,224,224,224,224,224,224,224,224,224,224,78,224,224,224,224,224,224,224,64,224,224,224,30,23,48,224,224,224,1,6,1,224,224,224,1,1,6,224,224,224,68,224,224,224,224,224,23,6,2,224,224,224,64,78,224,224,224,224,23,224,224,224,224,224,224,224,224,224,224,224,224,224,224,224,224,224,1,1,2,224,224,224,1,1,1,224,224,224,2,2,224,224,224,224,78,78,2,224,224,224,1,2,16,224,224,224,2,2,39,224,224,224,44,30,53,224,224,224,2,6,1,224,224,224,3,78,1,224,224,224,1,1,1,224,224,224,70,224,224,78,224,224,224,224,1,224,224,224,88,41,1,224,224,224,224,224,224,224,224,78,78,2,78,224,224,224,56,224,224,224,224,224,68,224,224,224,224,224,224,224,224,224,224,224,16,36,41,90,224,224,57,224,47,224,224,224,224,224,224,224,224,78,224,224,64,224,224,224,224,224,224,224,224,224,224,224,224,224,224,224,224,224,224,224,224,224,224,224,224,224,224,78,78,224,224,224,2,2,30,224,224,224,64,224,224,224,224,224,53,78,224,224,224,224,1,1,2,224,224,224,1,1,1,224,224,224,224,224,224,224,224,224,224,224,224,224,224,224,224,224,224,1,2,16,224,224,224,224,224,224,224,224,224,224,224,224,224,224,224,224,224,224,224,224,224,224,224,224,224,224,224,224,224,224,224,224,224,224,224,224
5,233,2,69,42,233,5,42,1,31,47,13,3,6,1,2,2,1,13,2,2,1,84,13,2,1,1,1,1,233,1,1,1,1,1,1,1,2,1,1,75,58,64,1,2,31,1,1,51,1,1,1,2,75,20,1,1,2,90,1,31,233,233,1,1,31,1,1,2,1,1,31,49,1,1,1,1,1,233,1,2,1,31,2,42,1,1,13,31,20,1,233,90,233,1,2,13,2,2,64,42,233,90,233,71,100,20,42,13,2,64,8,20,1,31,1,1,1,31,69,52,2,8,57,98,233,31,1,2,1,1,2,233,2,1,64,233,233,233,2,52,1,75,233,233,1,2,1,1,1,1,1,1,31,233,233,233,2,1,2,233,233,233,1,2,2,233,233,233,55,80,233,233,233,233,90,233,233,233,233,233,233,233,233,233,233,233,233,82,233,233,233,80,2,50,60,233,233,233,1,2,1,233,233,233,1,1,2,233,233,233,90,233,233,233,233,233,18,55,8,233,233,233,64,90,233,233,233,233,90,90,233,233,233,233,233,233,233,233,233,233,233,233,233,233,233,233,1,2,31,233,233,233,1,2,1,233,233,233,13,2,96,233,233,233,23,64,1,233,233,233,2,2,42,233,233,233,2,71,73,233,233,233,2,1,233,233,233,233,2,48,2,233,233,233,233,233,233,233,233,233,1,1,1,233,233,233,31,78,233,233,233,233,42,64,1,233,233,233,4,31,1,233,233,233,233,233,233,233,233,233,83,2,90,233,233,233,90,75,233,233,233,233,59,233,80,233,233,233,233,233,233,233,233,233,31,54,98,233,233,233,233,233,96,233,233,233,233,233,233,233,233,233,233,233,2,233,233,233,233,233,233,233,233,233,233,233,233,233,233,233,233,233,233,233,233,233,233,233,233,233,233,233,233,233,233,233,2,13,42,233,233,233,1,2,2,233,233,233,64,233,233,233,233,233,2,2,2,233,233,233,1,1,1,233,233,233,90,233,233,233,233,233,233,233,233,233,233,233,233,233,233,233,233,233,233,233,233,233,233,233,233,233,233,233,233,233,233,233,233,233,233,233,233,233,233,233,233,233,233,233,233,233,233,233,233,233,233,233,233,233
6,243,1,243,102,243,92,243,1,76,60,1,37,37,2,19,102,1,2,2,5,1,62,29,11,1,2,1,1,64,1,1,1,1,1,1,1,1,1,1,102,57,79,1,46,57,1,1,53,1,1,1,3,37,88,1,1,2,79,1,83,102,102,1,1,50,1,19,37,1,1,19,71,1,1,1,1,1,112,1,2,1,11,11,88,1,1,2,11,28,1,79,66,243,1,2,25,2,2,19,1,75,102,71,19,243,2,37,37,1,1,2,67,1,88,1,1,1,102,243,2,5,2,69,63,243,243,1,1,2,25,243,243,2,2,1,102,1,243,79,102,1,243,102,50,1,1,1,1,1,1,1,1,2,243,243,243,1,1,1,243,243,243,1,55,11,243,243,243,243,243,113,243,243,243,243,102,243,243,243,243,64,61,88,243,243,243,29,19,73,243,243,243,25,46,37,243,243,243,2,2,1,243,243,243,1,1,2,243,243,243,243,243,243,243,243,243,2,2,2,243,243,243,5,2,50,243,243,243,243,243,243,243,243,243,243,243,243,243,243,243,243,243,243,243,243,243,2,1,113,243,243,243,1,1,1,243,243,243,37,19,102,243,243,243,50,243,37,243,243,243,1,2,2,243,243,243,53,2,68,243,243,243,2,11,50,243,243,243,37,19,1,243,243,243,59,73,1,243,243,243,1,1,1,243,243,243,243,243,243,243,243,102,243,102,1,243,243,243,37,7,1,243,243,243,243,243,243,243,243,243,25,2,88,243,243,243,243,243,243,243,243,243,83,83,69,243,243,243,88,79,243,243,243,243,37,2,19,243,243,243,243,243,243,243,243,243,243,243,243,243,243,243,243,243,243,243,243,243,243,243,243,243,243,243,243,243,243,243,243,243,243,243,243,243,243,243,243,243,243,243,243,243,243,243,243,243,2,37,243,243,243,243,102,37,83,243,243,243,102,243,243,243,243,243,1,2,7,243,243,243,1,1,1,243,243,102,102,102,243,243,243,243,243,243,243,243,243,243,243,243,243,2,46,55,243,243,243,243,243,243,243,243,243,243,243,243,243,243,243,243,243,243,243,243,243,243,243,243,243,243,243,243,243,243,243,243,243,243,243,243
7,106,2,244,244,244,48,66,1,26,106,1,43,32,2,8,50,2,2,2,22,1,84,68,39,1,2,2,1,12,1,1,1,1,2,1,1,1,1,1,244,106,106,2,1,17,2,1,244,1,1,1,1,2,2,2,1,43,244,74,61,26,106,1,1,58,1,2,63,1,1,2,8,1,1,1,1,1,244,1,2,32,2,2,46,1,1,1,2,2,1,93,84,84,1,2,2,2,39,5,1,84,70,244,53,74,1,2,12,1,2,2,32,1,43,1,1,1,39,244,39,17,32,64,74,106,50,1,1,1,32,93,244,2,1,12,244,17,244,17,12,1,244,244,84,1,1,1,1,1,1,1,1,61,244,244,244,1,1,1,244,244,244,8,39,22,244,244,244,84,244,74,244,244,244,244,244,106,244,244,244,93,244,244,244,244,244,69,58,106,244,244,244,2,5,32,244,244,244,1,12,1,244,244,244,1,1,2,244,244,244,70,117,244,244,244,244,58,84,32,244,244,244,32,48,106,244,244,244,54,244,244,244,244,244,244,244,244,244,244,244,244,244,244,244,244,244,2,1,2,244,244,244,1,1,1,244,244,244,2,2,2,244,244,244,22,74,5,244,244,244,2,2,2,244,244,244,2,2,61,244,244,244,26,2,106,244,244,244,3,22,1,244,244,84,244,52,46,244,244,244,1,1,1,244,244,244,106,244,244,244,244,244,84,244,1,244,244,244,66,244,1,244,244,244,106,244,244,244,244,244,17,2,84,244,244,244,106,244,244,244,244,244,66,43,106,244,244,244,244,244,244,244,244,244,32,84,106,244,244,244,244,244,244,244,244,244,244,244,244,244,244,106,244,244,84,244,244,244,244,244,244,244,244,244,244,244,244,244,244,244,244,93,244,244,244,244,244,244,244,244,244,106,244,244,244,244,2,17,2,244,244,244,84,84,244,106,244,244,55,74,244,244,244,244,1,1,2,244,244,244,1,1,1,244,244,244,117,106,56,244,244,244,244,244,244,244,244,244,244,244,244,244,106,106,244,244,244,244,244,244,244,244,244,244,244,244,244,244,244,244,244,244,244,244,244,244,244,244,244,244,244,244,244,244,244,244,244,244,244,244
2,238,1,60,79,238,7,101,1,3,69,2,32,13,2,7,2,2,19,2,2,1,1,2,1,1,2,1,2,32,1,1,1,1,1,2,1,1,1,1,105,238,90,47,1,54,1,1,32,1,1,1,19,13,63,2,1,2,64,67,7,54,67,1,1,47,1,2,19,1,1,75,90,1,1,1,1,1,238,1,2,2,2,2,32,1,1,19,32,2,1,2,47,238,1,2,54,2,2,90,1,238,238,101,238,80,1,3,1,2,13,2,32,1,58,1,1,1,75,67,238,2,2,54,71,238,238,1,2,32,2,2,238,2,1,1,238,2,238,2,32,1,238,238,90,1,2,1,1,1,1,1,1,24,238,238,238,1,1,1,238,238,238,41,13,2,238,238,238,238,238,238,238,238,238,238,238,238,238,238,238,238,238,238,238,238,238,2,47,24,238,238,90,19,7,32,238,238,238,1,1,1,238,238,238,1,1,2,238,238,238,238,105,238,238,238,238,2,54,2,238,238,238,47,32,54,238,238,238,90,101,238,238,238,238,238,238,238,238,238,238,238,238,238,238,238,90,2,1,54,238,238,238,1,1,1,238,238,238,19,7,238,238,238,238,47,90,13,238,238,238,2,2,47,238,238,238,101,61,238,238,238,238,1,41,75,238,238,238,13,65,63,238,238,238,75,90,1,238,238,238,1,1,1,238,238,238,90,238,238,238,103,238,75,90,1,238,238,238,90,238,1,238,238,238,90,238,238,238,238,238,75,1,90,238,238,238,238,238,238,238,238,238,59,238,75,238,238,238,238,238,238,238,238,238,19,32,47,238,238,238,238,238,238,238,238,238,238,238,238,238,238,238,238,238,71,238,238,238,238,238,238,238,238,238,238,238,238,238,238,238,238,238,238,238,238,238,238,238,238,238,90,238,90,238,238,238,7,41,24,238,238,238,32,32,41,238,238,238,90,238,238,238,238,238,1,1,2,238,238,238,1,1,1,105,238,238,238,238,90,238,238,238,238,238,238,238,238,238,238,238,238,238,238,238,238,238,238,238,238,238,238,238,238,238,238,238,238,238,238,238,238,238,238,238,238,238,238,238,238,238,238,238,238,238,238,238,238,238,238,238
10,113,1,240,70,240,102,42,1,2,102,1,42,2,1,9,2,1,2,1,2,1,1,1,1,1,1,1,2,23,1,1,1,1,1,1,1,2,1,1,102,88,240,1,2,42,2,1,17,1,1,1,59,42,68,1,1,2,1,83,1,42,42,1,1,1,1,42,240,1,1,64,83,1,1,1,1,1,240,1,17,23,61,102,42,1,1,5,23,2,1,240,240,102,1,2,2,1,1,42,1,83,102,240,240,59,2,42,1,2,42,17,88,1,42,1,1,1,42,42,240,42,64,102,240,68,70,2,2,2,42,73,240,2,1,1,240,2,240,42,42,1,240,240,73,1,2,1,1,1,1,1,1,17,240,240,240,1,1,1,240,240,240,2,17,23,240,240,240,90,240,240,240,240,102,102,240,240,240,240,240,102,76,240,240,240,240,2,9,42,240,240,240,3,42,42,240,240,240,2,2,1,240,240,240,1,1,2,240,240,240,240,240,240,240,240,240,17,66,42,240,240,240,9,240,42,240,240,240,17,240,240,240,240,240,240,240,240,240,240,240,240,240,240,83,240,240,1,2,42,240,240,240,1,1,1,240,240,240,42,2,68,240,240,240,42,42,73,240,240,240,1,1,2,240,240,240,17,42,62,240,240,240,2,2,83,240,240,240,2,42,2,240,240,240,240,5,1,240,240,240,1,1,1,240,240,240,240,240,240,102,240,240,102,240,1,240,240,240,9,2,1,240,240,240,240,240,240,240,240,240,17,1,112,240,240,240,76,240,83,240,240,240,240,83,240,240,240,240,240,76,240,240,240,240,42,9,42,240,240,240,90,240,240,240,240,240,240,240,240,240,240,240,240,240,83,240,240,240,240,240,240,240,240,240,240,240,240,240,240,240,240,240,240,240,240,240,240,240,240,240,64,102,76,240,240,240,2,9,42,240,240,240,2,5,42,102,102,92,240,102,102,240,240,240,1,1,2,240,240,240,1,1,1,240,240,240,83,240,240,240,240,240,240,240,240,240,240,240,240,240,240,240,102,102,240,240,240,240,240,240,240,240,240,240,240,240,240,240,240,240,240,240,240,240,240,240,240,240,240,240,240,240,240,240,240,240,240,240,240,240
11,230,2,79,79,71,2,24,1,16,37,2,2,1,2,2,61,1,40,1,2,1,24,76,2,1,1,1,1,2,1,1,1,1,2,1,1,2,1,1,12,61,24,24,1,40,2,1,71,1,1,1,1,58,47,1,1,2,230,1,65,8,65,1,1,47,1,1,32,1,1,40,230,1,1,1,1,1,230,1,2,2,32,8,52,1,1,2,76,3,1,61,8,230,1,2,2,2,37,24,1,96,88,88,2,76,24,2,2,2,47,2,32,1,94,1,1,1,2,54,230,2,1,230,3,65,40,1,1,1,32,230,65,2,2,65,230,2,230,230,16,1,230,230,81,1,1,1,1,1,1,1,1,2,83,230,230,1,1,1,230,230,230,1,8,2,230,230,230,230,230,230,100,230,230,230,230,230,230,230,230,47,88,230,79,230,230,230,24,32,230,230,230,47,47,71,230,230,230,1,2,1,230,230,230,1,1,2,230,230,230,94,230,230,230,230,230,2,24,24,230,230,230,2,2,16,230,230,230,57,71,230,230,230,230,230,230,230,230,230,230,230,230,230,230,230,230,1,1,2,230,230,230,1,2,1,230,230,230,2,2,88,230,230,230,2,47,2,230,230,230,2,1,2,230,230,230,8,8,52,230,230,230,1,2,12,230,230,230,2,24,2,230,230,230,230,61,1,230,230,230,1,1,1,230,230,230,94,230,230,100,230,230,56,32,1,230,230,230,3,16,1,230,230,230,230,100,230,230,230,230,40,71,88,230,230,230,230,88,230,230,230,230,94,71,71,230,230,230,100,100,88,230,230,230,52,230,100,230,230,230,230,230,230,230,230,230,230,230,230,230,230,230,230,230,32,230,230,230,230,230,230,230,230,230,230,230,230,230,230,230,230,230,230,230,230,230,230,230,230,230,84,230,230,230,230,230,2,3,16,230,230,230,83,16,47,230,230,230,230,56,230,230,230,230,1,2,2,230,230,230,1,2,1,230,100,230,230,230,230,230,230,230,230,230,230,230,230,230,230,230,230,230,230,230,230,230,230,230,230,230,230,230,230,230,230,230,230,230,230,230,230,230,230,230,230,230,230,230,230,230,230,230,230,230,230,230,230,230,230,230
8,79,1,47,63,7,30,30,1,97,53,2,2,1,2,2,68,2,2,2,2,1,2,30,3,1,1,2,2,30,1,1,1,1,2,1,1,2,1,1,233,82,72,1,2,2,2,1,64,1,1,1,7,42,76,1,1,2,233,1,2,233,74,1,1,53,1,1,7,1,1,30,53,1,1,1,1,1,233,1,2,2,30,42,82,1,1,20,2,2,1,68,57,233,1,2,2,2,2,2,1,233,233,59,56,233,2,42,2,1,2,2,30,1,97,1,1,1,97,97,233,7,62,49,2,233,20,1,1,1,233,107,42,2,1,30,233,53,233,4,30,1,97,97,30,1,2,1,1,1,1,1,1,3,97,233,233,1,1,2,233,233,233,1,2,2,233,233,233,79,77,233,233,233,233,233,233,233,233,233,233,87,72,87,233,233,233,72,233,233,233,233,233,2,49,61,233,233,233,1,20,1,233,233,233,1,1,30,233,233,233,84,233,233,233,233,233,2,42,42,233,233,233,20,97,13,233,233,233,233,72,233,233,233,233,233,233,233,233,233,233,233,233,233,233,233,233,2,2,42,233,233,233,2,1,1,233,233,233,30,2,66,233,233,233,2,7,13,233,233,233,2,2,42,233,233,233,2,1,97,233,233,233,1,1,53,233,233,233,2,30,2,233,233,233,97,69,30,97,233,233,1,1,1,233,233,233,76,233,233,97,233,233,60,107,1,233,233,233,13,13,1,233,233,233,233,233,233,233,233,233,2,1,30,233,233,233,233,97,233,233,233,233,79,97,53,233,233,233,87,233,233,233,233,233,2,2,13,233,233,233,87,233,97,233,233,233,233,233,233,233,233,233,233,233,1,233,233,233,233,233,233,233,233,233,233,233,233,233,233,233,233,233,233,233,233,233,233,233,233,233,84,233,107,233,233,233,16,20,58,233,233,233,2,2,20,233,233,233,13,42,65,233,233,233,1,2,2,233,233,233,1,1,1,233,233,233,97,233,97,233,233,233,233,233,233,233,233,233,233,233,233,233,233,233,233,233,233,233,233,233,233,233,233,233,233,233,233,233,233,233,233,233,233,233,233,233,233,233,233,233,233,233,233,233,233,233,233,233,233,233
9,235,1,49,69,95,49,235,1,14,88,1,22,22,2,2,7,1,40,3,14,1,1,2,1,1,2,2,1,14,1,1,1,1,1,1,1,1,1,1,103,235,235,1,80,22,1,1,36,1,1,1,1,22,10,2,1,2,88,1,69,36,64,1,1,235,2,2,30,1,1,2,30,1,1,1,1,1,235,1,22,2,2,88,7,1,1,45,2,2,1,235,103,235,1,2,2,2,1,2,1,58,235,235,235,235,2,2,2,1,1,2,61,1,42,1,1,1,14,71,235,4,36,64,22,80,22,1,2,1,2,42,103,2,2,49,235,36,235,36,75,1,235,235,30,1,2,1,1,1,1,1,1,2,235,235,235,1,1,1,235,235,235,2,1,2,235,235,235,103,235,88,88,235,235,80,235,235,235,235,235,80,55,73,235,235,235,2,10,53,235,235,235,36,22,83,235,235,235,2,2,1,103,235,235,1,1,2,235,235,235,235,235,235,235,235,235,22,45,49,235,235,235,88,103,67,235,235,235,30,235,235,235,235,235,235,235,235,235,235,235,235,235,235,235,235,235,45,2,75,235,235,235,1,1,1,235,235,235,2,2,64,235,235,235,235,69,80,235,235,235,2,2,36,235,235,235,30,22,52,235,235,235,1,2,88,235,235,235,2,14,7,235,235,235,235,53,2,235,235,235,1,1,1,235,235,235,235,75,235,235,235,235,61,103,1,235,235,235,235,235,1,235,235,235,235,235,235,235,235,235,97,2,64,235,235,235,4,235,103,235,235,235,42,58,75,235,235,235,235,103,235,235,235,235,14,2,7,235,235,235,88,235,235,235,235,235,235,235,235,235,235,235,235,235,1,235,235,235,235,235,235,235,235,235,235,235,235,235,235,235,235,88,235,235,235,235,235,235,235,235,235,235,88,235,235,235,2,2,2,235,235,235,49,58,71,109,97,95,61,103,235,235,235,235,2,1,2,235,235,235,1,1,1,95,235,235,235,235,235,235,235,235,235,235,235,235,235,235,235,235,235,2,2,55,235,235,235,235,235,235,235,235,235,235,235,235,235,235,235,235,235,235,235,235,235,235,235,235,235,235,235,235,235,235,235,235,235,235,235,235
17,240,1,240,64,240,69,67,1,28,7,1,18,23,2,2,46,2,7,3,113,1,56,61,2,1,2,1,2,46,1,1,1,1,2,1,1,1,1,1,56,77,240,1,46,46,2,1,240,1,1,1,23,36,56,1,1,2,1,68,1,97,81,1,1,13,1,1,7,1,1,2,46,1,1,1,1,1,240,1,18,1,32,2,2,1,1,7,85,2,1,73,81,108,1,2,2,2,1,2,1,97,97,97,56,240,1,23,2,1,2,2,28,1,108,1,1,1,81,240,59,2,240,97,13,97,60,1,13,2,28,85,87,240,1,64,240,2,108,36,46,1,240,97,97,1,2,1,1,1,1,1,1,13,240,240,240,1,1,2,240,240,240,1,2,2,240,240,240,36,97,240,113,240,240,240,240,240,240,240,240,240,240,240,240,240,240,13,240,240,240,240,240,97,56,46,240,240,240,1,2,1,240,240,240,1,1,1,240,240,240,108,240,77,240,240,240,7,28,2,240,240,240,23,240,62,240,240,240,64,240,240,240,240,240,240,240,240,240,240,240,240,240,240,240,240,240,1,1,46,240,240,240,1,1,1,240,240,240,18,28,240,240,240,240,32,81,2,240,240,240,1,2,13,240,97,240,46,46,73,240,240,240,1,1,240,240,240,240,2,13,1,240,240,240,240,46,1,240,240,240,1,1,1,240,240,240,240,240,97,73,240,240,18,85,1,240,240,240,2,4,1,240,240,240,240,240,240,108,240,240,36,1,81,240,240,240,240,108,240,240,240,240,73,97,240,240,240,240,240,46,240,240,240,240,2,46,73,240,240,240,240,240,240,240,240,240,240,240,240,240,240,97,240,240,1,240,66,240,240,240,240,240,240,240,240,240,240,240,240,240,240,240,240,240,240,240,240,240,240,240,97,240,240,240,240,240,36,2,46,240,240,240,2,28,46,89,115,240,73,240,240,240,240,240,1,1,2,240,240,240,1,1,1,113,97,87,73,240,240,240,240,240,240,240,240,240,240,240,240,240,240,2,2,23,240,240,240,240,240,240,240,240,240,240,240,240,240,240,240,240,240,240,240,240,240,240,240,240,240,240,240,240,240,240,240,240,240,240,240,240
15,236,1,43,236,82,43,104,1,2,35,1,43,1,2,15,78,1,2,1,9,1,236,82,2,1,1,1,2,3,1,1,1,1,2,2,1,2,1,1,236,52,236,1,1,43,15,1,93,1,1,1,20,2,2,1,1,2,236,1,236,236,104,1,1,236,1,2,1,1,1,24,93,1,1,1,1,1,236,1,2,2,3,2,53,1,1,49,9,15,1,49,62,236,1,2,15,2,2,2,1,43,236,104,236,236,2,49,236,1,9,2,236,1,49,1,1,1,69,236,55,35,53,35,69,66,75,1,1,2,57,93,35,29,9,82,93,2,236,2,24,1,236,236,15,1,24,1,1,1,1,1,1,3,93,236,236,1,1,2,236,236,236,1,2,1,236,236,236,65,62,82,236,236,236,75,236,82,104,236,236,104,236,236,236,236,236,2,3,43,236,236,236,1,2,24,108,236,75,1,2,1,236,236,236,1,1,29,236,236,236,236,104,236,236,236,236,2,24,55,236,236,236,24,236,35,236,236,236,2,82,236,236,236,236,236,236,236,236,236,236,236,93,236,236,236,236,2,1,29,236,236,236,1,1,1,236,236,236,2,1,236,236,236,236,93,35,1,236,236,236,2,15,236,236,236,236,43,6,236,236,236,236,1,2,69,236,236,236,2,35,1,236,236,236,59,9,61,236,236,236,1,1,1,236,236,236,93,93,93,93,236,236,236,236,1,236,236,236,93,15,2,236,236,236,104,73,236,236,236,236,93,1,78,236,236,236,20,20,59,236,236,236,67,236,69,236,236,236,236,236,236,236,236,236,2,49,59,236,236,236,236,236,236,236,236,236,236,236,236,236,236,236,236,236,236,236,75,236,236,236,236,236,236,236,236,236,236,236,236,236,236,236,236,236,236,236,236,236,236,236,236,236,236,236,236,236,2,3,29,236,236,236,2,35,72,236,236,236,236,64,236,236,236,236,1,1,2,236,236,236,1,1,1,236,236,93,236,93,236,236,236,236,236,236,236,236,236,236,236,236,236,236,236,236,236,236,236,236,236,236,236,236,236,236,236,236,236,236,236,236,236,236,236,236,236,236,236,236,236,236,236,236,236,236,236,236,236,236,236,236
12,233,1,67,233,88,54,35,1,15,233,1,233,1,2,2,104,1,2,1,2,1,233,58,15,1,1,1,2,35,1,1,1,1,2,1,1,1,1,1,47,233,76,2,1,28,2,1,28,1,1,1,28,2,15,1,1,2,104,1,104,233,72,1,1,72,1,2,2,1,1,2,61,1,1,1,1,1,233,1,2,2,22,2,15,1,1,2,233,2,1,87,67,233,1,1,15,2,2,2,1,96,233,72,22,233,2,15,96,1,1,1,15,1,35,1,1,1,39,233,63,4,233,67,54,233,233,1,1,1,28,56,233,15,2,42,233,15,96,2,28,1,233,233,51,2,2,1,1,1,1,1,1,15,64,233,63,1,1,1,233,233,233,2,38,2,233,233,233,82,233,233,233,233,233,72,233,82,233,96,233,233,233,233,233,233,233,2,233,28,233,233,233,6,2,42,233,233,233,1,2,1,233,233,233,1,1,2,233,233,233,233,233,233,233,233,233,3,8,2,233,233,233,3,28,49,233,233,233,233,233,233,233,233,233,233,233,233,233,233,233,233,233,233,233,233,233,1,1,2,233,233,233,1,1,1,233,233,233,2,1,233,233,96,233,28,51,233,233,233,233,1,2,2,233,82,233,6,6,42,233,233,233,2,1,96,233,233,233,2,15,1,233,233,233,96,48,1,233,233,233,1,1,1,233,233,233,76,54,67,233,233,233,233,82,1,233,233,233,42,47,1,233,233,233,233,233,233,233,233,233,28,1,45,233,233,233,72,96,96,233,233,233,42,51,233,233,233,233,82,82,233,233,233,233,2,72,22,233,233,233,96,233,60,233,233,233,233,233,233,233,233,233,106,233,96,233,233,233,233,233,233,233,82,233,233,96,233,233,233,233,233,233,233,233,233,233,233,233,233,233,233,233,76,233,233,233,1,2,15,233,233,233,35,35,233,233,233,233,58,96,58,233,233,233,1,1,2,233,233,233,1,1,1,233,233,233,233,233,96,233,233,233,233,233,233,233,233,233,233,233,233,82,82,233,233,233,233,233,233,233,233,233,233,233,233,233,233,233,233,233,233,233,233,233,233,233,233,233,233,233,233,233,233,233,233,233,233,233,233,233
14,226,1,2,29,41,2,54,1,11,37,1,2,2,2,1,41,1,2,2,2,1,97,226,68,1,1,1,1,2,1,1,1,1,1,1,1,1,1,1,71,226,62,2,1,29,1,1,45,1,1,1,2,226,2,1,1,2,226,1,226,41,82,1,1,41,1,1,2,1,1,2,226,1,1,1,1,1,226,1,2,2,2,2,29,1,1,2,93,41,2,2,226,82,1,2,3,2,2,1,1,226,226,226,226,226,2,18,2,2,29,18,3,1,62,1,1,1,50,226,226,68,52,3,57,226,226,1,2,11,2,18,96,2,1,68,226,1,226,2,18,1,226,226,96,1,2,1,1,1,1,1,1,41,226,226,226,1,1,1,226,226,226,2,3,2,226,226,226,82,71,226,93,226,226,226,226,226,226,226,82,226,82,226,226,226,226,2,11,59,226,226,226,11,48,64,226,226,226,1,2,1,82,226,226,1,1,6,226,226,226,82,226,226,226,226,226,11,41,2,226,226,226,11,62,49,226,226,226,226,82,226,226,226,226,226,226,226,226,226,226,226,226,226,226,226,226,1,1,29,226,226,226,2,1,1,226,226,226,82,226,226,226,226,226,18,18,2,226,226,226,2,2,18,226,226,226,2,29,52,226,226,226,29,1,29,226,226,226,2,2,1,226,226,226,46,82,82,226,226,226,1,1,1,226,226,226,226,82,226,226,71,226,47,65,1,226,226,226,82,57,1,226,226,226,226,68,226,226,226,226,82,2,226,226,226,226,11,59,53,226,226,226,62,82,226,226,226,226,82,82,226,226,226,226,29,29,29,226,226,226,226,226,226,226,226,226,226,226,226,226,226,226,226,226,1,226,226,226,226,226,226,226,226,226,226,226,226,226,226,226,226,226,226,226,226,226,226,226,226,226,226,226,226,226,226,226,2,29,37,226,226,226,2,11,29,226,82,226,29,55,93,226,226,226,1,1,2,226,226,226,1,1,2,226,226,226,226,226,93,226,226,226,226,226,226,226,226,226,226,226,226,2,6,2,226,226,226,226,226,226,226,226,226,226,226,226,226,226,226,226,226,226,226,226,226,226,226,226,226,226,226,226,226,226,226,226,226,226,226,226
18,226,1,2,226,226,226,80,1,2,10,1,41,37,2,4,80,2,2,31,36,1,1,2,1,1,1,1,1,17,1,1,1,1,2,1,1,2,1,1,69,226,226,2,80,59,1,1,53,1,1,1,2,57,10,1,1,1,226,226,226,71,226,1,1,226,1,2,22,1,1,2,226,1,1,1,1,1,226,1,2,1,66,17,41,1,1,2,31,10,1,226,226,226,1,2,2,22,2,2,1,51,226,226,63,226,1,41,1,1,2,2,51,2,31,1,1,1,57,49,48,1,37,226,10,47,10,1,2,1,2,57,226,31,1,72,226,22,226,10,22,1,80,226,22,1,2,1,1,1,1,1,1,2,88,226,80,1,1,1,226,226,226,2,22,1,226,226,226,226,226,226,226,226,226,226,226,226,226,226,226,226,226,226,226,226,226,226,63,226,226,226,226,31,226,72,226,226,226,1,2,1,226,226,226,1,1,2,226,226,226,226,226,80,226,226,226,41,41,10,226,226,226,2,31,10,226,226,226,80,226,226,226,226,226,226,226,226,226,226,226,226,226,226,226,226,226,2,1,2,226,226,226,1,1,1,226,226,226,2,2,226,226,226,226,226,46,1,226,226,226,2,3,22,226,226,226,80,22,69,226,226,226,2,10,60,226,226,226,1,2,1,226,226,226,51,10,1,226,226,80,1,1,1,226,226,226,55,66,69,226,226,80,226,226,1,226,226,226,41,63,1,226,226,226,226,63,226,226,226,226,60,2,226,226,226,226,80,226,226,226,226,226,53,45,226,226,226,226,226,80,226,226,226,226,31,2,31,226,226,226,226,226,226,226,226,226,226,226,226,226,226,226,226,226,80,226,226,226,226,226,226,226,226,226,226,226,226,226,226,226,226,226,226,226,226,226,226,226,226,226,226,226,226,226,226,226,2,2,5,226,226,226,226,226,226,226,226,226,17,31,226,226,226,226,1,2,2,226,226,226,1,1,1,226,226,226,226,226,80,226,226,226,226,226,226,226,226,226,226,226,226,226,226,226,226,226,226,226,226,226,226,226,226,226,226,226,226,226,226,226,226,226,226,226,226,226,226,226,226,226,226,226,226,226,226,226,226,226,226,226
16,70,1,25,95,79,6,82,1,91,58,1,12,1,2,2,51,1,25,1,2,1,48,70,2,1,1,1,2,12,1,1,1,1,41,1,1,2,1,1,236,236,236,2,1,3,12,1,34,1,1,1,1,2,3,2,1,2,236,1,76,236,236,1,1,43,1,1,34,1,1,2,54,1,1,1,1,1,103,1,2,2,2,1,236,1,1,3,2,25,1,64,58,236,1,1,12,2,19,12,1,61,86,236,68,236,25,54,25,1,2,1,54,1,34,1,1,1,54,91,95,2,110,68,60,236,45,1,2,2,2,66,108,12,1,34,236,2,58,2,34,1,68,236,48,1,1,1,1,1,1,1,1,2,236,236,236,1,1,2,236,236,236,2,2,2,236,236,236,73,236,236,236,236,236,236,236,236,236,236,236,76,236,236,236,236,236,45,91,91,236,236,236,2,12,48,236,236,236,1,2,1,236,236,236,1,1,12,236,236,236,76,236,95,236,236,236,48,64,34,236,236,236,34,45,34,236,236,236,236,73,236,236,236,236,236,236,236,236,236,236,236,236,236,236,236,236,2,2,2,236,236,236,1,1,1,236,236,236,2,2,98,236,236,236,19,236,52,236,236,236,2,2,34,236,236,236,12,19,236,236,236,236,1,2,236,236,236,236,2,2,1,236,236,236,73,236,1,236,236,236,1,1,1,236,236,236,86,236,236,236,236,236,103,86,1,236,236,236,21,34,1,236,236,236,236,62,236,95,236,236,79,2,103,236,236,236,86,86,236,236,236,236,98,103,64,236,236,236,236,236,236,236,236,236,34,2,42,236,236,236,236,236,86,236,236,236,236,236,236,236,236,236,236,103,108,236,236,236,236,236,236,236,236,236,236,79,103,236,236,236,236,236,236,236,236,236,236,236,236,236,236,236,236,236,236,236,3,6,28,236,236,236,21,12,103,236,236,236,79,86,236,236,236,236,1,2,2,236,236,236,1,1,2,236,236,236,103,236,236,236,236,236,236,236,236,236,236,236,236,236,236,2,3,34,236,236,236,236,236,236,236,236,236,236,236,236,236,236,236,236,236,236,236,236,236,236,236,236,236,236,236,236,236,236,236,236,236,236,236,236
13,237,1,31,100,237,79,100,1,6,31,1,21,21,1,38,70,2,1,1,2,1,65,63,12,1,2,1,1,2,1,1,1,1,2,1,1,2,1,1,21,71,100,1,1,12,2,1,56,1,1,1,1,53,31,2,1,3,237,1,237,237,237,1,1,7,1,1,21,1,1,12,21,1,1,1,1,1,237,1,2,2,21,2,73,1,1,2,21,2,1,79,50,237,1,2,2,2,2,21,1,67,237,73,3,237,3,31,2,1,2,2,12,1,73,1,1,1,50,100,50,44,59,44,79,237,237,1,2,1,12,79,237,1,1,38,237,1,237,21,67,1,67,61,31,2,2,1,1,1,1,1,1,44,237,237,237,1,1,2,237,237,237,1,2,2,237,237,237,237,237,237,100,237,237,237,237,100,237,237,237,237,100,91,237,237,237,2,50,237,237,237,237,79,31,237,237,237,237,1,1,1,237,237,237,1,1,2,237,237,237,237,237,73,237,237,237,237,7,31,237,237,237,31,109,62,237,237,237,100,237,237,237,237,237,237,237,237,237,237,237,237,237,237,237,237,237,1,1,21,237,237,237,1,1,1,237,237,237,2,2,86,237,237,237,237,237,60,237,237,237,1,2,38,237,237,237,12,79,38,237,237,237,1,1,79,237,237,237,1,12,2,237,237,237,237,67,1,237,100,237,1,1,1,237,237,237,86,91,237,56,79,237,237,237,2,237,237,237,53,44,1,237,237,237,237,237,237,237,109,237,44,1,63,237,237,237,109,237,91,237,237,237,44,237,56,237,237,237,107,237,237,237,237,237,31,44,44,237,237,237,100,237,100,237,237,237,237,237,237,237,237,237,237,100,86,237,237,237,237,237,237,237,86,237,237,237,237,237,237,237,237,237,237,237,237,237,237,237,237,237,237,237,237,237,237,237,2,2,100,237,237,237,86,237,237,237,237,237,3,38,21,237,237,237,1,1,2,237,237,237,1,1,1,237,237,237,86,237,91,237,237,237,237,237,237,237,237,237,237,237,237,2,3,56,237,237,237,237,237,237,237,237,237,237,237,237,237,237,237,237,237,237,237,237,237,237,237,237,237,237,237,237,237,237,237,237,237,237,237,237
19,91,1,59,91,60,236,19,1,1,51,1,19,2,2,37,236,1,2,1,2,1,236,236,45,1,1,1,1,91,1,1,1,1,2,1,1,1,1,1,236,71,236,1,2,57,1,1,51,1,1,1,19,2,43,1,1,2,1,91,1,236,91,1,1,67,1,2,37,1,1,9,58,1,1,1,1,1,236,1,2,2,71,19,91,1,1,9,2,37,1,19,19,236,1,2,2,2,2,4,1,29,236,236,71,236,1,29,9,1,1,2,236,1,47,1,1,1,236,236,91,2,2,236,53,91,37,1,1,1,236,29,236,2,2,19,236,2,236,2,46,1,236,236,91,1,2,1,1,1,1,1,1,2,236,236,236,1,1,2,236,236,236,2,19,2,236,236,236,236,236,236,236,236,71,236,236,236,236,236,236,236,236,236,236,236,236,1,236,91,236,236,236,19,37,55,236,236,91,1,2,1,236,236,236,1,1,9,236,236,236,236,105,91,236,236,236,29,51,44,236,236,236,2,37,37,236,236,236,42,65,236,236,236,236,236,236,236,236,236,236,236,236,236,236,65,236,1,1,2,236,236,236,1,1,1,236,236,236,2,2,236,236,236,236,71,9,62,236,236,236,19,91,236,236,236,236,9,3,9,236,236,236,1,29,91,236,236,236,9,19,1,236,236,236,75,37,1,236,236,236,1,1,1,236,236,236,91,91,236,236,236,236,29,236,1,236,236,236,62,78,1,236,236,236,236,48,236,236,236,91,60,2,236,236,236,236,236,53,75,236,236,236,67,103,236,236,236,236,104,78,236,236,236,236,49,4,37,236,236,236,91,236,71,236,236,236,236,236,236,236,236,236,236,236,91,236,236,236,236,236,236,236,236,236,236,236,236,91,236,236,236,236,236,236,236,236,236,236,236,236,236,91,91,236,236,236,2,2,19,236,236,236,236,29,56,236,236,236,78,236,65,236,236,236,1,1,2,236,236,236,1,1,1,236,236,236,91,236,236,236,236,236,236,236,236,236,236,236,236,236,236,236,236,236,236,236,236,236,236,236,236,236,236,236,236,236,236,236,236,236,236,236,236,236,236,236,236,236,236,236,236,236,236,236,236,236,236,236,236,236
