Importance,total_gain,total_cover,gain,cover,Feature,sequence_ids,param_id,group,Feature_group
2595.0,71089384.0,203107.84375,27394.75390625,78.2689208984375,FirstVisitAge,406,406,all,Clinical
832.0,11156065.0,48297.5234375,13408.732421875,58.04990768432617,Gender,406,406,all,Clinical
2273.0,63828268.0,254235.9375,28081.068359375,111.8503875732422,Hematocrit_Avg,406,406,all,CommonBloodTest
2378.0,68543264.0,203997.234375,28823.912109375,85.78520965576172,LymphocytesPercentage_Avg,406,406,all,CommonBloodTest
2273.0,78264536.0,283269.03125,34432.265625,124.62342071533205,FirstVisitAge_div_NeutrophilsPercentage_Max,406,406,all,DerivativeVariables
2164.0,97503752.0,435435.75,45057.1875,201.21800231933597,EosinophilsPercentage_Avg_div_WhiteBloodCellCount_Max,406,406,all,DerivativeVariables
2140.0,125952792.0,691604.625,58856.4453125,323.1797180175781,EosinophilsPercentage_Avg_div_CReactiveProtein_Min,406,406,all,DerivativeVariables
1869.0,55921352.0,298394.9375,29920.466796875,159.6548614501953,MeanCorpuscularHemoglobinConcentration_Avg,406,406,all,CommonBloodTest
1439.0,42661940.0,129506.28125,29646.935546875,89.9974136352539,MonocytesPercentage_Avg,406,406,all,CommonBloodTest
2349.0,61106840.0,247586.078125,26013.98046875,105.40062713623048,MeanPlateletVolume_Avg,406,406,all,CommonBloodTest
1399.0,55205436.0,202230.0625,39460.640625,144.5532989501953,FirstVisitAge_div_MeanCorpuscularHemoglobin_Max,406,406,all,DerivativeVariables
1436.0,100454376.0,483878.875,69954.3046875,336.9630126953125,TotalThyroxine_Avg,406,406,all,ThyroidFunction
1878.0,77048152.0,359481.15625,41026.703125,191.41702270507807,MeanCorpuscularHemoglobin_Avg,406,406,all,CommonBloodTest
1487.0,100146720.0,442360.4375,67348.1640625,297.48516845703125,EosinophilsPercentage_Avg_div_LymphocytesPercentage_Max,406,406,all,DerivativeVariables
621.0,32832880.0,180287.578125,52870.98046875,290.31817626953125,ThyroidStimulatingHormone_Avg,406,406,all,ThyroidFunction
1884.0,60646448.0,282166.8125,32190.259765625,149.7700653076172,BasophilsPercentage_Avg_div_LymphocytesPercentage_Max,406,406,all,DerivativeVariables
1384.0,40087312.0,171801.921875,28964.8203125,124.13433837890624,ImmunoglobulinE_Avg,406,406,all,Immunity
1357.0,73470296.0,257237.484375,54141.70703125,189.56336975097656,WhiteBloodCellCount_Max_div_EosinophilsPercentage_Max,406,406,all,DerivativeVariables
1460.0,62353136.0,214686.171875,42707.62890625,147.04531860351562,EosinophilsPercentage_Avg_div_FirstVisitAge,406,406,all,DerivativeVariables
1530.0,47295708.0,200470.890625,30912.2265625,131.0267333984375,RedCellDistributionWidthCV_Avg,406,406,all,CommonBloodTest
338.0,28123768.0,163197.78125,83206.4140625,482.8336791992188,EggWhite_Avg,406,406,all,SpecificIgE
1668.0,84428184.0,336241.3125,50616.41796875,201.58352661132807,AbsoluteNeutrophilCount_Max_div_MeanCorpuscularHemoglobin_Max,406,406,all,DerivativeVariables
247.0,29535010.0,159567.125,119574.9375,646.020751953125,DogDander_Avg,406,406,all,SpecificIgE
993.0,61122268.0,232716.15625,61553.140625,234.35665893554688,Hematocrit_Max,406,406,all,CommonBloodTest
1339.0,69001288.0,229547.265625,51531.95703125,171.43186950683594,FirstVisitAge_div_BasophilsPercentage_Avg,406,406,all,DerivativeVariables
1329.0,72076008.0,333102.84375,54233.265625,250.6417236328125,LymphocytesPercentage_Max,406,406,all,CommonBloodTest
638.0,35007028.0,153412.734375,54869.94921875,240.45883178710935,Hematocrit_Min,406,406,all,CommonBloodTest
1555.0,53332644.0,234696.5,34297.51953125,150.9302215576172,AbsoluteNeutrophilCount_Max_div_NeutrophilsPercentage_Max,406,406,all,DerivativeVariables
937.0,39654768.0,155269.78125,42320.9921875,165.70947265625,FirstVisitAge_div_LymphocytesPercentage_Max,406,406,all,DerivativeVariables
1056.0,50509728.0,287287.71875,47831.18359375,272.0527648925781,WhiteBloodCellCount_Max_div_BasophilsPercentage_Avg,406,406,all,DerivativeVariables
1241.0,55935464.0,204198.578125,45072.89453125,164.5435791015625,MeanCorpuscularVolume_Max,406,406,all,CommonBloodTest
860.0,31379010.0,109384.8671875,36487.22265625,127.19170379638672,MonocytesPercentage_Max,406,406,all,CommonBloodTest
742.0,38223408.0,138570.34375,51514.02734375,186.7524871826172,WhiteBloodCellCount_Max_div_FirstVisitAge,406,406,all,DerivativeVariables
1041.0,34392140.0,175128.84375,33037.59765625,168.23135375976562,WhiteBloodCellCount_Max_div_CReactiveProtein_Min,406,406,all,DerivativeVariables
1327.0,49459080.0,232901.03125,37271.34765625,175.5094451904297,MeanPlateletVolume_Min,406,406,all,CommonBloodTest
1091.0,42819972.0,161026.765625,39248.37109375,147.59556579589844,FirstVisitAge_div_PlateletCount_Max,406,406,all,DerivativeVariables
1351.0,57021928.0,216246.046875,42207.19921875,160.06369018554688,EosinophilsPercentage_Avg_div_BasophilsPercentage_Avg,406,406,all,DerivativeVariables
754.0,42812656.0,181825.625,56780.7109375,241.1480407714844,MeanCorpuscularHemoglobinConcentration_Min,406,406,all,CommonBloodTest
916.0,43023008.0,168897.015625,46968.34765625,184.3853912353516,MeanCorpuscularVolume_Avg,406,406,all,CommonBloodTest
1247.0,52810432.0,257282.109375,42349.984375,206.32086181640625,PlateletCount_Avg_div_NeutrophilsPercentage_Max,406,406,all,DerivativeVariables
827.0,41575708.0,182863.171875,50272.921875,221.1162872314453,FirstVisitAge_div_EosinophilsPercentage_Max,406,406,all,DerivativeVariables
1346.0,137423024.0,784641.5,102097.34375,582.9431762695312,EosinophilsPercentage_Avg_div_CReactiveProtein_Avg,406,406,all,DerivativeVariables
971.0,47275192.0,167111.875,48687.1171875,172.1028594970703,FirstVisitAge_div_PlateletCount_Min,406,406,all,DerivativeVariables
863.0,37216948.0,159183.609375,43125.0859375,184.4537811279297,LymphocytesPercentage_Min,406,406,all,CommonBloodTest
1089.0,35220860.0,137754.984375,32342.38671875,126.49677276611328,PlateletCount_Avg,406,406,all,CommonBloodTest
788.0,46408672.0,168467.546875,58894.25390625,213.7913055419922,FirstVisitAge_div_AbsoluteNeutrophilCount_Max,406,406,all,DerivativeVariables
1232.0,64831220.0,200425.125,52622.7421875,162.68272399902344,WhiteBloodCellCount_Max_div_PlateletCount_Avg,406,406,all,DerivativeVariables
607.0,29781740.0,120630.875,49063.8203125,198.73291015625,CReactiveProtein_Min_div_AbsoluteNeutrophilCount_Max,406,406,all,DerivativeVariables
855.0,40933356.0,140390.6875,47875.26953125,164.1996307373047,MeanPlateletVolume_Max,406,406,all,CommonBloodTest
1040.0,53260744.0,252028.796875,51212.25390625,242.33538818359372,FirstVisitAge_div_CReactiveProtein_Min,406,406,all,DerivativeVariables
2222.0,72274248.0,182665.609375,32526.6640625,82.20774841308594,FirstVisitAge,728,261,all,Clinical
643.0,10095131.0,40526.11328125,15700.0478515625,63.026615142822266,Gender,728,261,all,Clinical
2367.0,74907096.0,244299.953125,31646.427734375,103.2107925415039,Hematocrit_Avg,728,261,all,CommonBloodTest
2192.0,64440988.0,219917.484375,29398.26171875,100.32731628417967,LymphocytesPercentage_Avg,728,261,all,CommonBloodTest
2313.0,78245848.0,276074.59375,33828.7265625,119.35780334472656,FirstVisitAge_div_NeutrophilsPercentage_Max,728,261,all,DerivativeVariables
2054.0,105824928.0,396203.65625,51521.38671875,192.8936920166016,EosinophilsPercentage_Avg_div_WhiteBloodCellCount_Max,728,261,all,DerivativeVariables
2045.0,98921304.0,553540.3125,48372.27734375,270.67987060546875,EosinophilsPercentage_Avg_div_CReactiveProtein_Min,728,261,all,DerivativeVariables
1754.0,43953408.0,250535.703125,25058.955078125,142.83677673339844,MeanCorpuscularHemoglobinConcentration_Avg,728,261,all,CommonBloodTest
1601.0,39267528.0,150683.296875,24526.875,94.11824035644533,MonocytesPercentage_Avg,728,261,all,CommonBloodTest
2470.0,61232144.0,242935.171875,24790.341796875,98.35432434082033,MeanPlateletVolume_Avg,728,261,all,CommonBloodTest
1781.0,70272504.0,235156.15625,39456.76953125,132.03602600097656,FirstVisitAge_div_MeanCorpuscularHemoglobin_Max,728,261,all,DerivativeVariables
1448.0,84799840.0,419504.75,58563.42578125,289.7132263183594,TotalThyroxine_Avg,728,261,all,ThyroidFunction
1804.0,73297016.0,329028.40625,40630.2734375,182.38824462890625,MeanCorpuscularHemoglobin_Avg,728,261,all,CommonBloodTest
1768.0,111543216.0,422927.65625,63090.0546875,239.2124786376953,EosinophilsPercentage_Avg_div_LymphocytesPercentage_Max,728,261,all,DerivativeVariables
536.0,29259068.0,174637.65625,54587.8125,325.8165283203125,ThyroidStimulatingHormone_Avg,728,261,all,ThyroidFunction
1927.0,59203424.0,290006.46875,30723.10546875,150.49635314941406,BasophilsPercentage_Avg_div_LymphocytesPercentage_Max,728,261,all,DerivativeVariables
1105.0,36115752.0,140888.1875,32683.9375,127.50062561035156,ImmunoglobulinE_Avg,728,261,all,Immunity
1406.0,72558464.0,286314.125,51606.3046875,203.63735961914065,WhiteBloodCellCount_Max_div_EosinophilsPercentage_Max,728,261,all,DerivativeVariables
1788.0,63215780.0,299780.21875,35355.58203125,167.6623077392578,EosinophilsPercentage_Avg_div_FirstVisitAge,728,261,all,DerivativeVariables
1673.0,48519496.0,203018.34375,29001.4921875,121.3498764038086,RedCellDistributionWidthCV_Avg,728,261,all,CommonBloodTest
273.0,20842452.0,125146.0234375,76345.9765625,458.4103393554688,EggWhite_Avg,728,261,all,SpecificIgE
1691.0,71589888.0,333365.5625,42335.828125,197.14108276367188,AbsoluteNeutrophilCount_Max_div_MeanCorpuscularHemoglobin_Max,728,261,all,DerivativeVariables
251.0,25313234.0,167371.859375,100849.5390625,666.8201293945312,DogDander_Avg,728,261,all,SpecificIgE
948.0,56867512.0,190093.171875,59986.828125,200.5202178955078,Hematocrit_Max,728,261,all,CommonBloodTest
1338.0,67975200.0,217606.828125,50803.5859375,162.63589477539062,FirstVisitAge_div_BasophilsPercentage_Avg,728,261,all,DerivativeVariables
1434.0,72302376.0,312416.96875,50420.06640625,217.86399841308597,LymphocytesPercentage_Max,728,261,all,CommonBloodTest
593.0,29898944.0,140347.734375,50419.8046875,236.6740875244141,Hematocrit_Min,728,261,all,CommonBloodTest
1560.0,58045784.0,242241.953125,37208.8359375,155.28330993652344,AbsoluteNeutrophilCount_Max_div_NeutrophilsPercentage_Max,728,261,all,DerivativeVariables
1109.0,40415548.0,167073.3125,36443.234375,150.6522216796875,FirstVisitAge_div_LymphocytesPercentage_Max,728,261,all,DerivativeVariables
1017.0,42080292.0,229646.5,41376.88671875,225.80776977539065,WhiteBloodCellCount_Max_div_BasophilsPercentage_Avg,728,261,all,DerivativeVariables
1538.0,68398528.0,277931.4375,44472.38671875,180.7096405029297,MeanCorpuscularVolume_Max,728,261,all,CommonBloodTest
895.0,33264136.0,113848.9453125,37166.6328125,127.20552825927734,MonocytesPercentage_Max,728,261,all,CommonBloodTest
1033.0,44129860.0,163790.390625,42720.09765625,158.5579833984375,WhiteBloodCellCount_Max_div_FirstVisitAge,728,261,all,DerivativeVariables
1236.0,45296824.0,203822.359375,36647.9140625,164.90481567382812,WhiteBloodCellCount_Max_div_CReactiveProtein_Min,728,261,all,DerivativeVariables
1493.0,49288184.0,225711.265625,33012.84765625,151.1796875,MeanPlateletVolume_Min,728,261,all,CommonBloodTest
1372.0,53389312.0,206514.4375,38913.4921875,150.52072143554688,FirstVisitAge_div_PlateletCount_Max,728,261,all,DerivativeVariables
1306.0,49338968.0,240812.25,37778.6875,184.38916015625,EosinophilsPercentage_Avg_div_BasophilsPercentage_Avg,728,261,all,DerivativeVariables
844.0,43773764.0,186876.96875,51864.6484375,221.418212890625,MeanCorpuscularHemoglobinConcentration_Min,728,261,all,CommonBloodTest
1066.0,44991488.0,204513.59375,42205.8984375,191.8513946533203,MeanCorpuscularVolume_Avg,728,261,all,CommonBloodTest
1334.0,61928436.0,265491.78125,46423.1171875,199.0193328857422,PlateletCount_Avg_div_NeutrophilsPercentage_Max,728,261,all,DerivativeVariables
1056.0,47037904.0,221285.671875,44543.46875,209.5508270263672,FirstVisitAge_div_EosinophilsPercentage_Max,728,261,all,DerivativeVariables
1398.0,125109544.0,690804.0,89491.8046875,494.1373291015625,EosinophilsPercentage_Avg_div_CReactiveProtein_Avg,728,261,all,DerivativeVariables
1181.0,57150872.0,202945.984375,48391.93359375,171.84249877929688,FirstVisitAge_div_PlateletCount_Min,728,261,all,DerivativeVariables
888.0,36708648.0,185253.84375,41338.56640625,208.6191864013672,LymphocytesPercentage_Min,728,261,all,CommonBloodTest
1166.0,36378744.0,168025.984375,31199.609375,144.1046142578125,PlateletCount_Avg,728,261,all,CommonBloodTest
989.0,53168952.0,194981.953125,53760.31640625,197.15060424804688,FirstVisitAge_div_AbsoluteNeutrophilCount_Max,728,261,all,DerivativeVariables
1310.0,68477136.0,212569.875,52272.62109375,162.26707458496094,WhiteBloodCellCount_Max_div_PlateletCount_Avg,728,261,all,DerivativeVariables
653.0,26866928.0,141884.875,41143.83984375,217.28158569335935,CReactiveProtein_Min_div_AbsoluteNeutrophilCount_Max,728,261,all,DerivativeVariables
1147.0,42950184.0,173667.828125,37445.671875,151.41049194335938,MeanPlateletVolume_Max,728,261,all,CommonBloodTest
1016.0,57548520.0,238171.96875,56642.2421875,234.42123413085935,FirstVisitAge_div_CReactiveProtein_Min,728,261,all,DerivativeVariables
2568.0,70453104.0,188610.03125,27435.009765625,73.44627380371094,FirstVisitAge,730,263,all,Clinical
777.0,10737954.0,43882.91796875,13819.7607421875,56.47737121582031,Gender,730,263,all,Clinical
2315.0,73245880.0,259722.546875,31639.689453125,112.191162109375,Hematocrit_Avg,730,263,all,CommonBloodTest
2363.0,73743056.0,212806.078125,31207.38671875,90.05758666992188,LymphocytesPercentage_Avg,730,263,all,CommonBloodTest
2392.0,78519480.0,292182.71875,32825.87109375,122.14996337890624,FirstVisitAge_div_NeutrophilsPercentage_Max,730,263,all,DerivativeVariables
2303.0,104123160.0,474695.84375,45211.96875,206.1206512451172,EosinophilsPercentage_Avg_div_WhiteBloodCellCount_Max,730,263,all,DerivativeVariables
2192.0,116018912.0,629045.25,52928.3359375,286.97320556640625,EosinophilsPercentage_Avg_div_CReactiveProtein_Min,730,263,all,DerivativeVariables
2004.0,56971280.0,290491.96875,28428.783203125,144.95606994628906,MeanCorpuscularHemoglobinConcentration_Avg,730,263,all,CommonBloodTest
1546.0,39494844.0,137697.75,25546.470703125,89.06710815429688,MonocytesPercentage_Avg,730,263,all,CommonBloodTest
2311.0,60438968.0,238061.796875,26152.734375,103.01245880126952,MeanPlateletVolume_Avg,730,263,all,CommonBloodTest
1582.0,59375316.0,222449.5,37531.8046875,140.6128387451172,FirstVisitAge_div_MeanCorpuscularHemoglobin_Max,730,263,all,DerivativeVariables
1328.0,90983920.0,436406.21875,68511.984375,328.619140625,TotalThyroxine_Avg,730,263,all,ThyroidFunction
1833.0,73218056.0,351192.65625,39944.3828125,191.59446716308597,MeanCorpuscularHemoglobin_Avg,730,263,all,CommonBloodTest
1620.0,101650440.0,432985.5,62747.18359375,267.2749938964844,EosinophilsPercentage_Avg_div_LymphocytesPercentage_Max,730,263,all,DerivativeVariables
603.0,30869518.0,202364.828125,51193.23046875,335.59674072265625,ThyroidStimulatingHormone_Avg,730,263,all,ThyroidFunction
1841.0,59377664.0,273577.53125,32252.94140625,148.60267639160156,BasophilsPercentage_Avg_div_LymphocytesPercentage_Max,730,263,all,DerivativeVariables
1335.0,39320056.0,153184.953125,29453.224609375,114.74528503417967,ImmunoglobulinE_Avg,730,263,all,Immunity
1406.0,72463432.0,263247.0625,51538.71484375,187.231201171875,WhiteBloodCellCount_Max_div_EosinophilsPercentage_Max,730,263,all,DerivativeVariables
1610.0,57694376.0,204088.328125,35835.015625,126.762939453125,EosinophilsPercentage_Avg_div_FirstVisitAge,730,263,all,DerivativeVariables
1572.0,44896648.0,199237.5625,28560.208984375,126.741455078125,RedCellDistributionWidthCV_Avg,730,263,all,CommonBloodTest
312.0,23440440.0,144123.671875,75129.6171875,461.9348449707031,EggWhite_Avg,730,263,all,SpecificIgE
1694.0,75806872.0,348054.0,44750.21875,205.4628143310547,AbsoluteNeutrophilCount_Max_div_MeanCorpuscularHemoglobin_Max,730,263,all,DerivativeVariables
248.0,28151428.0,162186.765625,113513.8203125,653.9788818359375,DogDander_Avg,730,263,all,SpecificIgE
956.0,61302868.0,201175.90625,64124.33984375,210.4350433349609,Hematocrit_Max,730,263,all,CommonBloodTest
1203.0,62776024.0,231560.921875,52182.89453125,192.48622131347656,FirstVisitAge_div_BasophilsPercentage_Avg,730,263,all,DerivativeVariables
1366.0,76111968.0,327891.9375,55718.86328125,240.03802490234372,LymphocytesPercentage_Max,730,263,all,CommonBloodTest
666.0,37888384.0,150838.296875,56889.46484375,226.4839324951172,Hematocrit_Min,730,263,all,CommonBloodTest
1689.0,49999044.0,261653.34375,29602.75,154.9161376953125,AbsoluteNeutrophilCount_Max_div_NeutrophilsPercentage_Max,730,263,all,DerivativeVariables
954.0,36905488.0,149765.984375,38684.99609375,156.98741149902344,FirstVisitAge_div_LymphocytesPercentage_Max,730,263,all,DerivativeVariables
968.0,46888236.0,265948.0,48438.26171875,274.7396545410156,WhiteBloodCellCount_Max_div_BasophilsPercentage_Avg,730,263,all,DerivativeVariables
1470.0,64340676.0,240044.015625,43769.16796875,163.2952423095703,MeanCorpuscularVolume_Max,730,263,all,CommonBloodTest
852.0,35735236.0,114170.7109375,41942.765625,134.00318908691406,MonocytesPercentage_Max,730,263,all,CommonBloodTest
947.0,47816348.0,152544.453125,50492.44921875,161.081787109375,WhiteBloodCellCount_Max_div_FirstVisitAge,730,263,all,DerivativeVariables
956.0,35286220.0,168829.890625,36910.2734375,176.60031127929688,WhiteBloodCellCount_Max_div_CReactiveProtein_Min,730,263,all,DerivativeVariables
1515.0,53767532.0,240741.9375,35490.12109375,158.9055633544922,MeanPlateletVolume_Min,730,263,all,CommonBloodTest
1118.0,42006864.0,166412.140625,37573.22265625,148.8480682373047,FirstVisitAge_div_PlateletCount_Max,730,263,all,DerivativeVariables
1453.0,59712608.0,237542.40625,41096.08203125,163.48410034179688,EosinophilsPercentage_Avg_div_BasophilsPercentage_Avg,730,263,all,DerivativeVariables
803.0,45478472.0,184952.046875,56635.70703125,230.3263397216797,MeanCorpuscularHemoglobinConcentration_Min,730,263,all,CommonBloodTest
884.0,39270080.0,151081.515625,44423.16796875,170.9066925048828,MeanCorpuscularVolume_Avg,730,263,all,CommonBloodTest
1300.0,56117500.0,253668.390625,43167.30859375,195.1295318603516,PlateletCount_Avg_div_NeutrophilsPercentage_Max,730,263,all,DerivativeVariables
949.0,47568260.0,194838.703125,50124.6171875,205.3094940185547,FirstVisitAge_div_EosinophilsPercentage_Max,730,263,all,DerivativeVariables
1400.0,138618608.0,747509.6875,99013.2890625,533.9354858398438,EosinophilsPercentage_Avg_div_CReactiveProtein_Avg,730,263,all,DerivativeVariables
1089.0,50958932.0,189625.34375,46794.24609375,174.12796020507812,FirstVisitAge_div_PlateletCount_Min,730,263,all,DerivativeVariables
886.0,35025540.0,175832.5625,39532.2109375,198.4566192626953,LymphocytesPercentage_Min,730,263,all,CommonBloodTest
1142.0,37211372.0,165094.546875,32584.388671875,144.56614685058594,PlateletCount_Avg,730,263,all,CommonBloodTest
872.0,48889456.0,194985.734375,56065.890625,223.6074981689453,FirstVisitAge_div_AbsoluteNeutrophilCount_Max,730,263,all,DerivativeVariables
1211.0,59348232.0,193440.5625,49007.625,159.73622131347656,WhiteBloodCellCount_Max_div_PlateletCount_Avg,730,263,all,DerivativeVariables
588.0,23825038.0,112184.6953125,40518.7734375,190.7902984619141,CReactiveProtein_Min_div_AbsoluteNeutrophilCount_Max,730,263,all,DerivativeVariables
956.0,44769184.0,165342.0,46829.69140625,172.95188903808594,MeanPlateletVolume_Max,730,263,all,CommonBloodTest
1038.0,54192764.0,245737.078125,52208.828125,236.7409210205078,FirstVisitAge_div_CReactiveProtein_Min,730,263,all,DerivativeVariables
2568.0,70453112.0,188610.03125,27435.01171875,73.44627380371094,FirstVisitAge,732,265,all,Clinical
777.0,10737942.0,43882.91796875,13819.7451171875,56.47737121582031,Gender,732,265,all,Clinical
2315.0,73245880.0,259722.546875,31639.689453125,112.191162109375,Hematocrit_Avg,732,265,all,CommonBloodTest
2363.0,73743064.0,212806.078125,31207.390625,90.05758666992188,LymphocytesPercentage_Avg,732,265,all,CommonBloodTest
2392.0,78519488.0,292182.71875,32825.87109375,122.14996337890624,FirstVisitAge_div_NeutrophilsPercentage_Max,732,265,all,DerivativeVariables
2303.0,104123176.0,474695.84375,45211.97265625,206.1206512451172,EosinophilsPercentage_Avg_div_WhiteBloodCellCount_Max,732,265,all,DerivativeVariables
2191.0,116018784.0,629024.3125,52952.43359375,287.0946350097656,EosinophilsPercentage_Avg_div_CReactiveProtein_Min,732,265,all,DerivativeVariables
2005.0,56971428.0,290504.34375,28414.677734375,144.88995361328125,MeanCorpuscularHemoglobinConcentration_Avg,732,265,all,CommonBloodTest
1547.0,39494840.0,137716.203125,25529.955078125,89.0214614868164,MonocytesPercentage_Avg,732,265,all,CommonBloodTest
2311.0,60438960.0,238061.796875,26152.73046875,103.01245880126952,MeanPlateletVolume_Avg,732,265,all,CommonBloodTest
1582.0,59375312.0,222449.5,37531.8046875,140.6128387451172,FirstVisitAge_div_MeanCorpuscularHemoglobin_Max,732,265,all,DerivativeVariables
1328.0,90983888.0,436406.21875,68511.9609375,328.619140625,TotalThyroxine_Avg,732,265,all,ThyroidFunction
1833.0,73218080.0,351192.65625,39944.3984375,191.59446716308597,MeanCorpuscularHemoglobin_Avg,732,265,all,CommonBloodTest
1620.0,101650432.0,432985.5,62747.1796875,267.2749938964844,EosinophilsPercentage_Avg_div_LymphocytesPercentage_Max,732,265,all,DerivativeVariables
602.0,30869514.0,202320.25,51278.26171875,336.08013916015625,ThyroidStimulatingHormone_Avg,732,265,all,ThyroidFunction
1841.0,59377664.0,273577.53125,32252.94140625,148.60267639160156,BasophilsPercentage_Avg_div_LymphocytesPercentage_Max,732,265,all,DerivativeVariables
1335.0,39320036.0,153184.953125,29453.2109375,114.74528503417967,ImmunoglobulinE_Avg,732,265,all,Immunity
1408.0,72466496.0,263300.96875,51467.68359375,187.00352478027344,WhiteBloodCellCount_Max_div_EosinophilsPercentage_Max,732,265,all,DerivativeVariables
1610.0,57694364.0,204088.328125,35835.0078125,126.762939453125,EosinophilsPercentage_Avg_div_FirstVisitAge,732,265,all,DerivativeVariables
1572.0,44896600.0,199237.5625,28560.177734375,126.741455078125,RedCellDistributionWidthCV_Avg,732,265,all,CommonBloodTest
312.0,23440444.0,144123.671875,75129.625,461.9348449707031,EggWhite_Avg,732,265,all,SpecificIgE
1694.0,75806872.0,348054.0,44750.21875,205.4628143310547,AbsoluteNeutrophilCount_Max_div_MeanCorpuscularHemoglobin_Max,732,265,all,DerivativeVariables
248.0,28151428.0,162186.765625,113513.8203125,653.9788818359375,DogDander_Avg,732,265,all,SpecificIgE
956.0,61302868.0,201175.90625,64124.33984375,210.4350433349609,Hematocrit_Max,732,265,all,CommonBloodTest
1203.0,62776024.0,231560.921875,52182.89453125,192.48622131347656,FirstVisitAge_div_BasophilsPercentage_Avg,732,265,all,DerivativeVariables
1366.0,76111992.0,327891.9375,55718.8828125,240.03802490234372,LymphocytesPercentage_Max,732,265,all,CommonBloodTest
666.0,37888380.0,150838.296875,56889.4609375,226.4839324951172,Hematocrit_Min,732,265,all,CommonBloodTest
1689.0,49999020.0,261653.34375,29602.734375,154.9161376953125,AbsoluteNeutrophilCount_Max_div_NeutrophilsPercentage_Max,732,265,all,DerivativeVariables
954.0,36905492.0,149765.984375,38685.00390625,156.98741149902344,FirstVisitAge_div_LymphocytesPercentage_Max,732,265,all,DerivativeVariables
968.0,46888244.0,265948.0,48438.26953125,274.7396545410156,WhiteBloodCellCount_Max_div_BasophilsPercentage_Avg,732,265,all,DerivativeVariables
1468.0,64338544.0,239981.71875,43827.34765625,163.47528076171875,MeanCorpuscularVolume_Max,732,265,all,CommonBloodTest
852.0,35735244.0,114170.7109375,41942.7734375,134.00318908691406,MonocytesPercentage_Max,732,265,all,CommonBloodTest
947.0,47816352.0,152544.453125,50492.453125,161.081787109375,WhiteBloodCellCount_Max_div_FirstVisitAge,732,265,all,DerivativeVariables
955.0,35285176.0,168802.46875,36947.828125,176.7565155029297,WhiteBloodCellCount_Max_div_CReactiveProtein_Min,732,265,all,DerivativeVariables
1515.0,53767540.0,240741.9375,35490.125,158.9055633544922,MeanPlateletVolume_Min,732,265,all,CommonBloodTest
1118.0,42006868.0,166412.140625,37573.2265625,148.8480682373047,FirstVisitAge_div_PlateletCount_Max,732,265,all,DerivativeVariables
1453.0,59712612.0,237542.40625,41096.0859375,163.48410034179688,EosinophilsPercentage_Avg_div_BasophilsPercentage_Avg,732,265,all,DerivativeVariables
803.0,45478476.0,184952.046875,56635.7109375,230.3263397216797,MeanCorpuscularHemoglobinConcentration_Min,732,265,all,CommonBloodTest
884.0,39270096.0,151081.515625,44423.18359375,170.9066925048828,MeanCorpuscularVolume_Avg,732,265,all,CommonBloodTest
1300.0,56117500.0,253668.390625,43167.30859375,195.1295318603516,PlateletCount_Avg_div_NeutrophilsPercentage_Max,732,265,all,DerivativeVariables
950.0,47568264.0,194861.34375,50071.85546875,205.11720275878903,FirstVisitAge_div_EosinophilsPercentage_Max,732,265,all,DerivativeVariables
1400.0,138618592.0,747509.6875,99013.28125,533.9354858398438,EosinophilsPercentage_Avg_div_CReactiveProtein_Avg,732,265,all,DerivativeVariables
1089.0,50958920.0,189625.34375,46794.234375,174.12796020507812,FirstVisitAge_div_PlateletCount_Min,732,265,all,DerivativeVariables
886.0,35025540.0,175832.5625,39532.2109375,198.4566192626953,LymphocytesPercentage_Min,732,265,all,CommonBloodTest
1142.0,37211368.0,165094.546875,32584.384765625,144.56614685058594,PlateletCount_Avg,732,265,all,CommonBloodTest
872.0,48889460.0,194985.734375,56065.89453125,223.6074981689453,FirstVisitAge_div_AbsoluteNeutrophilCount_Max,732,265,all,DerivativeVariables
1211.0,59348236.0,193440.5625,49007.625,159.73622131347656,WhiteBloodCellCount_Max_div_PlateletCount_Avg,732,265,all,DerivativeVariables
588.0,23825034.0,112184.6953125,40518.765625,190.7902984619141,CReactiveProtein_Min_div_AbsoluteNeutrophilCount_Max,732,265,all,DerivativeVariables
956.0,44769172.0,165342.0,46829.6796875,172.95188903808594,MeanPlateletVolume_Max,732,265,all,CommonBloodTest
1038.0,54192772.0,245737.078125,52208.8359375,236.7409210205078,FirstVisitAge_div_CReactiveProtein_Min,732,265,all,DerivativeVariables
2295.0,70353552.0,184930.6875,30655.142578125,80.57981872558594,FirstVisitAge,544,77,all,Clinical
641.0,8894880.0,38965.52734375,13876.5673828125,60.78865432739258,Gender,544,77,all,Clinical
2323.0,74222672.0,248388.15625,31951.21484375,106.92559814453124,Hematocrit_Avg,544,77,all,CommonBloodTest
2055.0,67298944.0,206990.890625,32748.876953125,100.72549438476562,LymphocytesPercentage_Avg,544,77,all,CommonBloodTest
2268.0,74052544.0,276220.875,32651.033203125,121.79051208496094,FirstVisitAge_div_NeutrophilsPercentage_Max,544,77,all,DerivativeVariables
2027.0,99898752.0,393909.90625,49284.04296875,194.33148193359372,EosinophilsPercentage_Avg_div_WhiteBloodCellCount_Max,544,77,all,DerivativeVariables
1954.0,106480704.0,575103.8125,54493.70703125,294.3212890625,EosinophilsPercentage_Avg_div_CReactiveProtein_Min,544,77,all,DerivativeVariables
1851.0,53214996.0,272656.90625,28749.322265625,147.302490234375,MeanCorpuscularHemoglobinConcentration_Avg,544,77,all,CommonBloodTest
1621.0,40066988.0,144794.359375,24717.451171875,89.3240966796875,MonocytesPercentage_Avg,544,77,all,CommonBloodTest
2373.0,60224032.0,249448.765625,25378.859375,105.1195831298828,MeanPlateletVolume_Avg,544,77,all,CommonBloodTest
1673.0,64211344.0,234138.765625,38380.95703125,139.95144653320312,FirstVisitAge_div_MeanCorpuscularHemoglobin_Max,544,77,all,DerivativeVariables
1382.0,87624152.0,430177.28125,63403.87109375,311.27154541015625,TotalThyroxine_Avg,544,77,all,ThyroidFunction
1761.0,76199304.0,333475.0625,43270.47265625,189.3668670654297,MeanCorpuscularHemoglobin_Avg,544,77,all,CommonBloodTest
1615.0,104936848.0,411053.8125,64976.375,254.52249145507807,EosinophilsPercentage_Avg_div_LymphocytesPercentage_Max,544,77,all,DerivativeVariables
523.0,27923690.0,170219.609375,53391.375,325.4677124023437,ThyroidStimulatingHormone_Avg,544,77,all,ThyroidFunction
1907.0,60907464.0,304752.40625,31938.890625,159.80723571777344,BasophilsPercentage_Avg_div_LymphocytesPercentage_Max,544,77,all,DerivativeVariables
1121.0,34105376.0,142889.0625,30424.064453125,127.46571350097656,ImmunoglobulinE_Avg,544,77,all,Immunity
1383.0,74920312.0,284774.53125,54172.31640625,205.9107208251953,WhiteBloodCellCount_Max_div_EosinophilsPercentage_Max,544,77,all,DerivativeVariables
1701.0,63455144.0,265095.96875,37304.61328125,155.84713745117188,EosinophilsPercentage_Avg_div_FirstVisitAge,544,77,all,DerivativeVariables
1542.0,41153252.0,196750.6875,26688.23046875,127.594482421875,RedCellDistributionWidthCV_Avg,544,77,all,CommonBloodTest
255.0,22711642.0,122957.484375,89065.265625,482.1862182617188,EggWhite_Avg,544,77,all,SpecificIgE
1755.0,76046680.0,370674.90625,43331.44140625,211.2107696533203,AbsoluteNeutrophilCount_Max_div_MeanCorpuscularHemoglobin_Max,544,77,all,DerivativeVariables
236.0,27642230.0,161681.71875,117128.09375,685.092041015625,DogDander_Avg,544,77,all,SpecificIgE
958.0,62973472.0,205470.234375,65734.3125,214.4783172607422,Hematocrit_Max,544,77,all,CommonBloodTest
1287.0,66416692.0,214691.265625,51605.8203125,166.81527709960938,FirstVisitAge_div_BasophilsPercentage_Avg,544,77,all,DerivativeVariables
1473.0,82764488.0,327003.03125,56187.703125,221.99798583984372,LymphocytesPercentage_Max,544,77,all,CommonBloodTest
594.0,36116576.0,146664.578125,60802.31640625,246.9100646972656,Hematocrit_Min,544,77,all,CommonBloodTest
1553.0,50100236.0,248529.46875,32260.29296875,160.0318603515625,AbsoluteNeutrophilCount_Max_div_NeutrophilsPercentage_Max,544,77,all,DerivativeVariables
954.0,35475792.0,141079.1875,37186.36328125,147.88174438476562,FirstVisitAge_div_LymphocytesPercentage_Max,544,77,all,DerivativeVariables
978.0,42719768.0,238947.328125,43680.74609375,244.32241821289065,WhiteBloodCellCount_Max_div_BasophilsPercentage_Avg,544,77,all,DerivativeVariables
1443.0,59384352.0,262776.9375,41153.3984375,182.10459899902344,MeanCorpuscularVolume_Max,544,77,all,CommonBloodTest
868.0,33883760.0,112275.5234375,39036.58984375,129.3496856689453,MonocytesPercentage_Max,544,77,all,CommonBloodTest
943.0,40358196.0,152125.78125,42797.6640625,161.32107543945312,WhiteBloodCellCount_Max_div_FirstVisitAge,544,77,all,DerivativeVariables
1066.0,38962976.0,190714.90625,36550.6328125,178.90704345703125,WhiteBloodCellCount_Max_div_CReactiveProtein_Min,544,77,all,DerivativeVariables
1425.0,46846184.0,227663.4375,32874.515625,159.76380920410156,MeanPlateletVolume_Min,544,77,all,CommonBloodTest
1228.0,50540864.0,177999.125,41157.0546875,144.95042419433594,FirstVisitAge_div_PlateletCount_Max,544,77,all,DerivativeVariables
1342.0,58427064.0,224880.765625,43537.3046875,167.5713653564453,EosinophilsPercentage_Avg_div_BasophilsPercentage_Avg,544,77,all,DerivativeVariables
750.0,42458464.0,176187.0625,56611.28515625,234.91607666015625,MeanCorpuscularHemoglobinConcentration_Min,544,77,all,CommonBloodTest
1001.0,38967300.0,186635.5,38928.37109375,186.4490509033203,MeanCorpuscularVolume_Avg,544,77,all,CommonBloodTest
1341.0,63124652.0,267732.84375,47072.8203125,199.65164184570312,PlateletCount_Avg_div_NeutrophilsPercentage_Max,544,77,all,DerivativeVariables
1044.0,47766216.0,230774.28125,45753.08203125,221.04815673828125,FirstVisitAge_div_EosinophilsPercentage_Max,544,77,all,DerivativeVariables
1383.0,137835840.0,707646.9375,99664.3828125,511.67529296875,EosinophilsPercentage_Avg_div_CReactiveProtein_Avg,544,77,all,DerivativeVariables
1208.0,60236168.0,216050.953125,49864.37890625,178.85012817382812,FirstVisitAge_div_PlateletCount_Min,544,77,all,DerivativeVariables
964.0,37930060.0,200461.53125,39346.53515625,207.94764709472656,LymphocytesPercentage_Min,544,77,all,CommonBloodTest
1088.0,37335648.0,152983.78125,34315.8515625,140.61009216308594,PlateletCount_Avg,544,77,all,CommonBloodTest
927.0,51749024.0,200958.5625,55824.19140625,216.7837829589844,FirstVisitAge_div_AbsoluteNeutrophilCount_Max,544,77,all,DerivativeVariables
1310.0,61026100.0,212716.671875,46584.80859375,162.37913513183594,WhiteBloodCellCount_Max_div_PlateletCount_Avg,544,77,all,DerivativeVariables
654.0,26338900.0,142617.46875,40273.546875,218.06951904296875,CReactiveProtein_Min_div_AbsoluteNeutrophilCount_Max,544,77,all,DerivativeVariables
1097.0,44075776.0,164574.796875,40178.46484375,150.02259826660156,MeanPlateletVolume_Max,544,77,all,CommonBloodTest
1023.0,56050152.0,226799.328125,54789.98046875,221.70022583007807,FirstVisitAge_div_CReactiveProtein_Min,544,77,all,DerivativeVariables
2031.0,68219464.0,189888.359375,33589.1015625,93.49501037597656,FirstVisitAge,405,405,all,Clinical
625.0,10546305.0,47340.82421875,16874.087890625,75.74531555175781,Gender,405,405,all,Clinical
1816.0,59562268.0,242543.9375,32798.60546875,133.55943298339844,Hematocrit_Avg,405,405,all,CommonBloodTest
1975.0,63159020.0,187731.703125,31979.25,95.05402374267578,LymphocytesPercentage_Avg,405,405,all,CommonBloodTest
1912.0,76752680.0,267881.03125,40142.61328125,140.1051483154297,FirstVisitAge_div_NeutrophilsPercentage_Max,405,405,all,DerivativeVariables
1793.0,95877824.0,427960.65625,53473.41015625,238.68414306640625,EosinophilsPercentage_Avg_div_WhiteBloodCellCount_Max,405,405,all,DerivativeVariables
1828.0,127289872.0,687738.8125,69633.40625,376.2247314453125,EosinophilsPercentage_Avg_div_CReactiveProtein_Min,405,405,all,DerivativeVariables
1615.0,53496188.0,286734.40625,33124.57421875,177.54452514648438,MeanCorpuscularHemoglobinConcentration_Avg,405,405,all,CommonBloodTest
1185.0,42474056.0,120228.90625,35843.0859375,101.45899200439452,MonocytesPercentage_Avg,405,405,all,CommonBloodTest
1894.0,59081788.0,223390.671875,31194.185546875,117.94650268554688,MeanPlateletVolume_Avg,405,405,all,CommonBloodTest
1239.0,53227900.0,203056.734375,42960.37109375,163.88760375976562,FirstVisitAge_div_MeanCorpuscularHemoglobin_Max,405,405,all,DerivativeVariables
1187.0,98830432.0,472680.875,83260.6875,398.2147216796875,TotalThyroxine_Avg,405,405,all,ThyroidFunction
1657.0,76286688.0,370968.3125,46039.0390625,223.8794860839844,MeanCorpuscularHemoglobin_Avg,405,405,all,CommonBloodTest
1398.0,101567776.0,439282.28125,72652.203125,314.2219543457031,EosinophilsPercentage_Avg_div_LymphocytesPercentage_Max,405,405,all,DerivativeVariables
533.0,31248570.0,182224.359375,58627.7109375,341.88433837890625,ThyroidStimulatingHormone_Avg,405,405,all,ThyroidFunction
1662.0,61640984.0,269754.15625,37088.4375,162.30694580078125,BasophilsPercentage_Avg_div_LymphocytesPercentage_Max,405,405,all,DerivativeVariables
1147.0,40023108.0,154768.453125,34893.73046875,134.93325805664062,ImmunoglobulinE_Avg,405,405,all,Immunity
1114.0,68666904.0,232209.34375,61639.94921875,208.44644165039065,WhiteBloodCellCount_Max_div_EosinophilsPercentage_Max,405,405,all,DerivativeVariables
1372.0,65442360.0,227835.4375,47698.51171875,166.06082153320312,EosinophilsPercentage_Avg_div_FirstVisitAge,405,405,all,DerivativeVariables
1394.0,48862676.0,197921.765625,35052.13671875,141.98118591308594,RedCellDistributionWidthCV_Avg,405,405,all,CommonBloodTest
273.0,27516068.0,154350.890625,100791.4609375,565.3878784179688,EggWhite_Avg,405,405,all,SpecificIgE
1604.0,87739984.0,342698.71875,54700.73828125,213.65257263183597,AbsoluteNeutrophilCount_Max_div_MeanCorpuscularHemoglobin_Max,405,405,all,DerivativeVariables
211.0,28684450.0,156614.25,135945.265625,742.2476196289062,DogDander_Avg,405,405,all,SpecificIgE
911.0,62429372.0,224139.296875,68528.3984375,246.0365447998047,Hematocrit_Max,405,405,all,CommonBloodTest
1174.0,68926632.0,225595.46875,58710.9296875,192.15968322753903,FirstVisitAge_div_BasophilsPercentage_Avg,405,405,all,DerivativeVariables
1241.0,71693056.0,359174.03125,57770.390625,289.4230651855469,LymphocytesPercentage_Max,405,405,all,CommonBloodTest
529.0,33583308.0,139524.453125,63484.515625,263.7513427734375,Hematocrit_Min,405,405,all,CommonBloodTest
1436.0,54239212.0,248432.046875,37771.0390625,173.00282287597656,AbsoluteNeutrophilCount_Max_div_NeutrophilsPercentage_Max,405,405,all,DerivativeVariables
883.0,40183024.0,149209.953125,45507.38671875,168.98069763183594,FirstVisitAge_div_LymphocytesPercentage_Max,405,405,all,DerivativeVariables
1005.0,50562164.0,290737.875,50310.609375,289.2914123535156,WhiteBloodCellCount_Max_div_BasophilsPercentage_Avg,405,405,all,DerivativeVariables
1228.0,56514448.0,219512.28125,46021.5390625,178.7559356689453,MeanCorpuscularVolume_Max,405,405,all,CommonBloodTest
750.0,31980516.0,102797.8125,42640.6875,137.06375122070312,MonocytesPercentage_Max,405,405,all,CommonBloodTest
757.0,39681732.0,144682.0,52419.7265625,191.12548828125,WhiteBloodCellCount_Max_div_FirstVisitAge,405,405,all,DerivativeVariables
940.0,34201472.0,171680.609375,36384.54296875,182.63894653320312,WhiteBloodCellCount_Max_div_CReactiveProtein_Min,405,405,all,DerivativeVariables
1191.0,48928084.0,222283.203125,41081.515625,186.63577270507807,MeanPlateletVolume_Min,405,405,all,CommonBloodTest
1033.0,42217336.0,166716.640625,40868.66796875,161.3907470703125,FirstVisitAge_div_PlateletCount_Max,405,405,all,DerivativeVariables
1242.0,57903964.0,209651.71875,46621.55078125,168.8017120361328,EosinophilsPercentage_Avg_div_BasophilsPercentage_Avg,405,405,all,DerivativeVariables
670.0,42504220.0,165125.25,63439.1328125,246.45559692382807,MeanCorpuscularHemoglobinConcentration_Min,405,405,all,CommonBloodTest
936.0,42978792.0,170279.40625,45917.51171875,181.9224395751953,MeanCorpuscularVolume_Avg,405,405,all,CommonBloodTest
1192.0,55552084.0,275626.25,46604.09765625,231.2300720214844,PlateletCount_Avg_div_NeutrophilsPercentage_Max,405,405,all,DerivativeVariables
792.0,42067860.0,184261.84375,53115.984375,232.65383911132807,FirstVisitAge_div_EosinophilsPercentage_Max,405,405,all,DerivativeVariables
1320.0,138819680.0,760103.3125,105166.421875,575.8358154296875,EosinophilsPercentage_Avg_div_CReactiveProtein_Avg,405,405,all,DerivativeVariables
958.0,48889896.0,169180.9375,51033.29296875,176.59805297851562,FirstVisitAge_div_PlateletCount_Min,405,405,all,DerivativeVariables
800.0,38177664.0,159142.09375,47722.078125,198.9276123046875,LymphocytesPercentage_Min,405,405,all,CommonBloodTest
997.0,37476248.0,132365.40625,37589.015625,132.76370239257812,PlateletCount_Avg,405,405,all,CommonBloodTest
768.0,47023076.0,171003.21875,61227.96484375,222.6604461669922,FirstVisitAge_div_AbsoluteNeutrophilCount_Max,405,405,all,DerivativeVariables
1231.0,66281360.0,206428.15625,53843.5078125,167.69143676757812,WhiteBloodCellCount_Max_div_PlateletCount_Avg,405,405,all,DerivativeVariables
547.0,29665442.0,114882.203125,54232.984375,210.02230834960935,CReactiveProtein_Min_div_AbsoluteNeutrophilCount_Max,405,405,all,DerivativeVariables
815.0,39758780.0,137586.625,48783.77734375,168.8179473876953,MeanPlateletVolume_Max,405,405,all,CommonBloodTest
978.0,52901856.0,241652.71875,54091.87890625,247.0886688232422,FirstVisitAge_div_CReactiveProtein_Min,405,405,all,DerivativeVariables
2235.0,73649920.0,179557.28125,32952.984375,80.33882904052734,FirstVisitAge,729,262,all,Clinical
624.0,10486494.0,39405.30859375,16805.279296875,63.149532318115234,Gender,729,262,all,Clinical
2397.0,75946232.0,249500.796875,31683.869140625,104.08877563476562,Hematocrit_Avg,729,262,all,CommonBloodTest
2181.0,62854212.0,214663.265625,28818.98828125,98.42424011230467,LymphocytesPercentage_Avg,729,262,all,CommonBloodTest
2454.0,80068088.0,274148.09375,32627.58203125,111.71479034423828,FirstVisitAge_div_NeutrophilsPercentage_Max,729,262,all,DerivativeVariables
2044.0,105661664.0,394612.0625,51693.57421875,193.05874633789065,EosinophilsPercentage_Avg_div_WhiteBloodCellCount_Max,729,262,all,DerivativeVariables
2022.0,98774312.0,558700.5625,48849.80859375,276.31085205078125,EosinophilsPercentage_Avg_div_CReactiveProtein_Min,729,262,all,DerivativeVariables
1794.0,44800388.0,248603.609375,24972.345703125,138.5750274658203,MeanCorpuscularHemoglobinConcentration_Avg,729,262,all,CommonBloodTest
1634.0,38617296.0,152494.1875,23633.595703125,93.32569885253906,MonocytesPercentage_Avg,729,262,all,CommonBloodTest
2450.0,62319576.0,246057.796875,25436.5625,100.43175506591795,MeanPlateletVolume_Avg,729,262,all,CommonBloodTest
1796.0,69741064.0,239382.484375,38831.328125,133.28646850585938,FirstVisitAge_div_MeanCorpuscularHemoglobin_Max,729,262,all,DerivativeVariables
1427.0,84656664.0,422223.46875,59324.921875,295.88189697265625,TotalThyroxine_Avg,729,262,all,ThyroidFunction
1861.0,73350112.0,330332.9375,39414.35546875,177.50291442871094,MeanCorpuscularHemoglobin_Avg,729,262,all,CommonBloodTest
1791.0,112032128.0,425183.40625,62552.8359375,237.40000915527344,EosinophilsPercentage_Avg_div_LymphocytesPercentage_Max,729,262,all,DerivativeVariables
525.0,29604930.0,171733.796875,56390.34375,327.11199951171875,ThyroidStimulatingHormone_Avg,729,262,all,ThyroidFunction
1875.0,56823880.0,289990.78125,30306.068359375,154.6617431640625,BasophilsPercentage_Avg_div_LymphocytesPercentage_Max,729,262,all,DerivativeVariables
1102.0,36284196.0,142365.0,32925.76953125,129.18783569335938,ImmunoglobulinE_Avg,729,262,all,Immunity
1390.0,73184200.0,292507.9375,52650.50390625,210.43736267089844,WhiteBloodCellCount_Max_div_EosinophilsPercentage_Max,729,262,all,DerivativeVariables
1776.0,62506156.0,299032.875,35194.90625,168.37435913085938,EosinophilsPercentage_Avg_div_FirstVisitAge,729,262,all,DerivativeVariables
1654.0,47441080.0,200654.90625,28682.63671875,121.31493377685548,RedCellDistributionWidthCV_Avg,729,262,all,CommonBloodTest
283.0,21138926.0,125611.125,74695.8515625,443.8555603027344,EggWhite_Avg,729,262,all,SpecificIgE
1662.0,70843008.0,328180.125,42625.15625,197.46096801757807,AbsoluteNeutrophilCount_Max_div_MeanCorpuscularHemoglobin_Max,729,262,all,DerivativeVariables
256.0,25585482.0,169516.546875,99943.2890625,662.1740112304688,DogDander_Avg,729,262,all,SpecificIgE
932.0,57101724.0,194610.09375,61267.9453125,208.80911254882807,Hematocrit_Max,729,262,all,CommonBloodTest
1332.0,67803432.0,218120.109375,50903.4765625,163.7538299560547,FirstVisitAge_div_BasophilsPercentage_Avg,729,262,all,DerivativeVariables
1433.0,73225288.0,310424.65625,51099.29296875,216.62571716308597,LymphocytesPercentage_Max,729,262,all,CommonBloodTest
599.0,31468070.0,141948.921875,52534.33984375,236.97650146484372,Hematocrit_Min,729,262,all,CommonBloodTest
1514.0,55744916.0,237005.640625,36819.62890625,156.54269409179688,AbsoluteNeutrophilCount_Max_div_NeutrophilsPercentage_Max,729,262,all,DerivativeVariables
1102.0,40562840.0,160605.625,36808.3828125,145.74012756347656,FirstVisitAge_div_LymphocytesPercentage_Max,729,262,all,DerivativeVariables
1037.0,42691848.0,229376.90625,41168.609375,221.1927795410156,WhiteBloodCellCount_Max_div_BasophilsPercentage_Avg,729,262,all,DerivativeVariables
1551.0,68716224.0,288052.53125,44304.46484375,185.72052001953125,MeanCorpuscularVolume_Max,729,262,all,CommonBloodTest
906.0,33168906.0,111840.0546875,36610.2734375,123.44377136230467,MonocytesPercentage_Max,729,262,all,CommonBloodTest
1014.0,43875932.0,164345.765625,43270.1484375,162.07669067382812,WhiteBloodCellCount_Max_div_FirstVisitAge,729,262,all,DerivativeVariables
1242.0,46789704.0,212086.25,37672.87109375,170.76187133789062,WhiteBloodCellCount_Max_div_CReactiveProtein_Min,729,262,all,DerivativeVariables
1475.0,47877112.0,226754.34375,32459.05859375,153.7317657470703,MeanPlateletVolume_Min,729,262,all,CommonBloodTest
1392.0,51898272.0,203490.34375,37283.2421875,146.1855926513672,FirstVisitAge_div_PlateletCount_Max,729,262,all,DerivativeVariables
1307.0,50364884.0,239601.21875,38534.72265625,183.32151794433597,EosinophilsPercentage_Avg_div_BasophilsPercentage_Avg,729,262,all,DerivativeVariables
856.0,43566648.0,186143.953125,50895.6171875,217.4578857421875,MeanCorpuscularHemoglobinConcentration_Min,729,262,all,CommonBloodTest
1080.0,46105640.0,205991.265625,42690.40625,190.73265075683597,MeanCorpuscularVolume_Avg,729,262,all,CommonBloodTest
1316.0,62448100.0,265813.21875,47452.96484375,201.98573303222656,PlateletCount_Avg_div_NeutrophilsPercentage_Max,729,262,all,DerivativeVariables
1086.0,46962212.0,221129.015625,43243.2890625,203.6178741455078,FirstVisitAge_div_EosinophilsPercentage_Max,729,262,all,DerivativeVariables
1391.0,124727832.0,689297.75,89667.7421875,495.5411682128906,EosinophilsPercentage_Avg_div_CReactiveProtein_Avg,729,262,all,DerivativeVariables
1171.0,57679892.0,199071.109375,49256.953125,170.00094604492188,FirstVisitAge_div_PlateletCount_Min,729,262,all,DerivativeVariables
903.0,35827572.0,177615.8125,39676.16015625,196.69525146484372,LymphocytesPercentage_Min,729,262,all,CommonBloodTest
1185.0,37202948.0,172767.515625,31394.892578125,145.7953643798828,PlateletCount_Avg,729,262,all,CommonBloodTest
981.0,53606352.0,194386.421875,54644.59765625,198.1512908935547,FirstVisitAge_div_AbsoluteNeutrophilCount_Max,729,262,all,DerivativeVariables
1295.0,67184248.0,208308.015625,51879.7265625,160.85560607910156,WhiteBloodCellCount_Max_div_PlateletCount_Avg,729,262,all,DerivativeVariables
652.0,26480996.0,138498.296875,40615.0234375,212.4207000732422,CReactiveProtein_Min_div_AbsoluteNeutrophilCount_Max,729,262,all,DerivativeVariables
1163.0,42942344.0,174958.640625,36923.76953125,150.43734741210938,MeanPlateletVolume_Max,729,262,all,CommonBloodTest
1020.0,57536804.0,234999.984375,56408.6328125,230.3921356201172,FirstVisitAge_div_CReactiveProtein_Min,729,262,all,DerivativeVariables
